A0A1H8STG2|unreviewed|Hydrogenase	A0A1H8STG2|unreviewed|Hydrogenase
A0A1H9XQC6|unreviewed|Putative	A0A1H9XQC6|unreviewed|Putative
A0A1I0DBE4|unreviewed|Putative	A0A1I0DBE4|unreviewed|Putative
A0A1I0DBE4|unreviewed|Putative	A0A1H8HEF2|unreviewed|Putative
A0A1I1PFR4|unreviewed|Putative	A0A1I1PFR4|unreviewed|Putative
A0A1I1X9N8|unreviewed|Putative	A0A1I1X9N8|unreviewed|Putative
A0A1I3G1D1|unreviewed|Putative	A0A1I3G1D1|unreviewed|Putative
A0A1I3G1D1|unreviewed|Putative	A0A0E4BM39|unreviewed|Sensor
A0A1I3G1D1|unreviewed|Putative	A0A2M6U9T2|unreviewed|Hydrogenase
A0A1I3G1D1|unreviewed|Putative	A0A6P1R2Z9|unreviewed|Hydrogenase
A0A1I3G1D1|unreviewed|Putative	A0A7W6SM78|unreviewed|Hydrogenase
A0A1I3G1D1|unreviewed|Putative	A0A810BP70|unreviewed|Hydrogenase
A0A1I3G1D1|unreviewed|Putative	A0A837CEH2|unreviewed|Hydrogenase
A0A1I3G1D1|unreviewed|Putative	P31907|reviewed|Hydrogenase
A0A1I4BT31|unreviewed|Formyl	A0A1I4BT31|unreviewed|Formyl
A0A1I4EBE3|unreviewed|Putative	A0A1I4EBE3|unreviewed|Putative
A0A1I4SHB6|unreviewed|Putative	A0A1I4SHB6|unreviewed|Putative
A0A1I4SHB6|unreviewed|Putative	A0A927QHZ1|unreviewed|Hydrogenase
A0A1I5UIX0|unreviewed|Methionyl-tRNA	A0A1I5UIX0|unreviewed|Methionyl-tRNA
A0A1I5UIX0|unreviewed|Methionyl-tRNA	A0A0D0M8N1|unreviewed|Hydrogenase
A0A1I6LM24|unreviewed|Putative	A0A1I6LM24|unreviewed|Putative
A0A1J0ES77|unreviewed|Formyl	A0A1J0ES77|unreviewed|Formyl
A0A1J0ES77|unreviewed|Formyl	A0A423H1B7|unreviewed|Formyl
A0A1J0ES77|unreviewed|Formyl	A0A558FKG7|unreviewed|Formyl
A0A1J5BY11|unreviewed|Hydrogenase	A0A1J5BY11|unreviewed|Hydrogenase
A0A1J5BY11|unreviewed|Hydrogenase	A0A2M7Y3I4|unreviewed|Hydrogenase
A0A1J5BY11|unreviewed|Hydrogenase	A0A3D5T246|unreviewed|Hydrogenase
A0A1J5CHD5|unreviewed|Hydrogenase	A0A1J5CHD5|unreviewed|Hydrogenase
A0A1J5CHD5|unreviewed|Hydrogenase	A0A2M8E8Q0|unreviewed|Hydrogenase
A0A1J5CHD5|unreviewed|Hydrogenase	A0A966CNZ7|unreviewed|Hydrogenase
A0A1J5RTP1|unreviewed|Methionyl-tRNA	A0A1J5RTP1|unreviewed|Methionyl-tRNA
A0A1J5SJI0|unreviewed|Methionyl-tRNA	A0A1J5SJI0|unreviewed|Methionyl-tRNA
A0A1J5SJI0|unreviewed|Methionyl-tRNA	A0A238D195|unreviewed|Hydrogenase
A0A1K1UEW3|unreviewed|Formyl	A0A1K1UEW3|unreviewed|Formyl
A0A1L7GLG7|unreviewed|Hydrogenase	A0A1L7GLG7|unreviewed|Hydrogenase
A0A1M3LLC5|unreviewed|Formyl	A0A1M3LLC5|unreviewed|Formyl
A0A1M4EC39|unreviewed|Methionyl-tRNA	A0A1M4EC39|unreviewed|Methionyl-tRNA
A0A1M5B241|unreviewed|Putative	A0A1M5B241|unreviewed|Putative
A0A1M5TRZ5|unreviewed|Formyl	A0A1M5TRZ5|unreviewed|Formyl
A0A1M7NQX3|unreviewed|Putative	A0A1M7NQX3|unreviewed|Putative
A0A1N6WE61|unreviewed|Formyl	A0A1N6WE61|unreviewed|Formyl
A0A1Q4VQF8|unreviewed|Hydrogenase	A0A1Q4VQF8|unreviewed|Hydrogenase
A0A1Q4VQF8|unreviewed|Hydrogenase	A0A285QKY3|unreviewed|Putative
A0A1Q4VQF8|unreviewed|Hydrogenase	A0A373A0H1|unreviewed|Hydrogenase
A0A1Q4VQF8|unreviewed|Hydrogenase	A0A495TDR8|unreviewed|Putative
A0A1Q5JWI7|unreviewed|Hydrogenase	A0A1Q5JWI7|unreviewed|Hydrogenase
A0A1Q5N6S3|unreviewed|Formyl	A0A1Q5N6S3|unreviewed|Formyl
A0A1R1I353|unreviewed|Hydrogenase	A0A1R1I353|unreviewed|Hydrogenase
A0A1R1LX63|unreviewed|Hydrogenase	A0A1R1LX63|unreviewed|Hydrogenase
A0A1R4H8K1|unreviewed|Hydrogenase	A0A1R4H8K1|unreviewed|Hydrogenase
A0A1R4HGK1|unreviewed|Hydrogenase	A0A1R4HGK1|unreviewed|Hydrogenase
A0A1R4HGZ4|unreviewed|Formyl	A0A1R4HGZ4|unreviewed|Formyl
A0A1S1T3E6|unreviewed|Hydrogenase	A0A1S1T3E6|unreviewed|Hydrogenase
A0A1S1X2I6|unreviewed|Formyl	A0A1S1X2I6|unreviewed|Formyl
A0A1S1X2I6|unreviewed|Formyl	A0A2R2IVJ3|unreviewed|Formyl
A0A1S2KGN3|unreviewed|Formyl	A0A1S2KGN3|unreviewed|Formyl
A0A1S2KGN3|unreviewed|Formyl	A0A1S2KDH8|unreviewed|Formyl
A0A1S2QGN4|unreviewed|Formyl	A0A1S2QGN4|unreviewed|Formyl
A0A1S2QGN4|unreviewed|Formyl	A0A0M8V7B7|unreviewed|Formyl
A0A1S2QGN4|unreviewed|Formyl	A0A1S2P4B6|unreviewed|Formyl
A0A1S2UHH7|unreviewed|Formyl	A0A1S2UHH7|unreviewed|Formyl
A0A1S7LC84|unreviewed|Hydrogenase	A0A1S7LC84|unreviewed|Hydrogenase
A0A1T1IES6|unreviewed|Formyl	A0A1T1IES6|unreviewed|Formyl
A0A1T2KTE2|unreviewed|Hydrogenase	A0A1T2KTE2|unreviewed|Hydrogenase
A0A1U9P4T0|unreviewed|Hydrogenase	A0A1U9P4T0|unreviewed|Hydrogenase
A0A1U9QTZ8|unreviewed|Hydrogenase	A0A1U9QTZ8|unreviewed|Hydrogenase
A0A1V0QWX0|unreviewed|Formyl	A0A1V0QWX0|unreviewed|Formyl
A0A1V0QWX0|unreviewed|Formyl	A0A0L8MG52|unreviewed|Hydrogenase
A0A1V0TM41|unreviewed|Hydrogenase	A0A1V0TM41|unreviewed|Hydrogenase
A0A1V0TM41|unreviewed|Hydrogenase	A0A0D7CKB5|unreviewed|Hydrogenase
A0A1V4CDS4|unreviewed|Hydrogenase	A0A1V4CDS4|unreviewed|Hydrogenase
A0A1W0D3E3|unreviewed|Formyl	A0A1W0D3E3|unreviewed|Formyl
A0A1W0D3E3|unreviewed|Formyl	A0A0J6KFD5|unreviewed|Formyl
A0A1W0D3E3|unreviewed|Formyl	A0A0J6RFM8|unreviewed|Formyl
A0A1W0D3E3|unreviewed|Formyl	A0A2T5ND79|unreviewed|Formyl
A0A1W0D3E3|unreviewed|Formyl	A0AAD0W711|unreviewed|Formyl
A0A1W2GPH3|unreviewed|Methionyl-tRNA	A0A1W2GPH3|unreviewed|Methionyl-tRNA
A0A1W6CSS4|unreviewed|Hydrogenase	A0A1W6CSS4|unreviewed|Hydrogenase
A0A1W6CSS4|unreviewed|Hydrogenase	A0A0U5MNW2|unreviewed|Hydrogenase
A0A1W6CSS4|unreviewed|Hydrogenase	Q2W6T6|unreviewed|Probable
A0A1W6MQL8|unreviewed|Hydrogenase	A0A1W6MQL8|unreviewed|Hydrogenase
A0A1W9H331|unreviewed|Hydrogenase	A0A1W9H331|unreviewed|Hydrogenase
A0A1W9X0U3|unreviewed|Formyl	A0A1W9X0U3|unreviewed|Formyl
A0A1W9X0U3|unreviewed|Formyl	A0A496V5Q3|unreviewed|Formyl
A0A1W9X0U3|unreviewed|Formyl	A0A7C2AE43|unreviewed|Formyl
A0A1Y0G174|unreviewed|Hydrogenase	A0A1Y0G174|unreviewed|Hydrogenase
A0A1Y2ZYU2|unreviewed|Formyl	A0A1Y2ZYU2|unreviewed|Formyl
A0A221P759|unreviewed|Formyl	A0A221P759|unreviewed|Formyl
A0A222F9M8|unreviewed|Hydrogenase	A0A222F9M8|unreviewed|Hydrogenase
A0A229SZW4|unreviewed|Formyl	A0A229SZW4|unreviewed|Formyl
A0A231PPV6|unreviewed|Formyl	A0A231PPV6|unreviewed|Formyl
A0A238XF73|unreviewed|Formyl	A0A238XF73|unreviewed|Formyl
A0A243SB87|unreviewed|Hydrogenase	A0A243SB87|unreviewed|Hydrogenase
A0A243SB87|unreviewed|Hydrogenase	A0A2N9B1F9|unreviewed|Formyl
A0A243SB87|unreviewed|Hydrogenase	A0A5J6I1I1|unreviewed|Hydrogenase
A0A243SB87|unreviewed|Hydrogenase	A0A6B1KMS4|unreviewed|Formyl
A0A243SB87|unreviewed|Hydrogenase	A0A7W9HCC2|unreviewed|Formyl
A0A243SB87|unreviewed|Hydrogenase	S4MC95|unreviewed|Putative
A0A254TN08|unreviewed|Hydrogenase	A0A254TN08|unreviewed|Hydrogenase
A0A263DJM1|unreviewed|Formyl	A0A263DJM1|unreviewed|Formyl
A0A263NST5|unreviewed|Formyl	A0A263NST5|unreviewed|Formyl
A0A285IUE3|unreviewed|Formyl	A0A285IUE3|unreviewed|Formyl
A0A5Q4GUF0|unreviewed|Hydrogenase	A0A5Q4GUF0|unreviewed|Hydrogenase
A0A5Q4T6N3|unreviewed|Hydrogenase	A0A5Q4T6N3|unreviewed|Hydrogenase
A0A5R9EI03|unreviewed|Formyl	A0A5R9EI03|unreviewed|Formyl
A0A5R9EI03|unreviewed|Formyl	A0A1G9Q2F3|unreviewed|Formyl
A0A5R9FM70|unreviewed|Formyl	A0A5R9FM70|unreviewed|Formyl
A0A5S4F3D3|unreviewed|Formyl	A0A5S4F3D3|unreviewed|Formyl
A0A5S4VWK6|unreviewed|Hydrogenase	A0A5S4VWK6|unreviewed|Hydrogenase
A0A5S4VWK6|unreviewed|Hydrogenase	A0A5S4YB58|unreviewed|Hydrogenase
A0A5S4VWK6|unreviewed|Hydrogenase	A0A7S7PSN1|unreviewed|Hydrogenase
A0A640V0F9|unreviewed|Hydrogenase	A0A640V0F9|unreviewed|Hydrogenase
A0A646KLM3|unreviewed|Formyl	A0A646KLM3|unreviewed|Formyl
A0A646P3H2|unreviewed|Formyl	A0A646P3H2|unreviewed|Formyl
A0A646P3H2|unreviewed|Formyl	A0A5P1DEZ7|unreviewed|Formyl
A0A661BU56|unreviewed|Hydrogenase	A0A661BU56|unreviewed|Hydrogenase
A0A661GPP0|unreviewed|Formyl	A0A661GPP0|unreviewed|Formyl
A0A6A0ANQ0|unreviewed|Formyl	A0A6A0ANQ0|unreviewed|Formyl
A0A6A1TIZ1|unreviewed|Formyl	A0A6A1TIZ1|unreviewed|Formyl
A0A6A7RUP3|unreviewed|Hydrogenase	A0A6A7RUP3|unreviewed|Hydrogenase
A0A6A7RUP3|unreviewed|Hydrogenase	A0A369XPN0|unreviewed|Hydrogenase
A0A6B2S4A0|unreviewed|Hydrogenase	A0A6B2S4A0|unreviewed|Hydrogenase
A0A6B8M492|unreviewed|Hydrogenase	A0A6B8M492|unreviewed|Hydrogenase
A0A6C1B1K9|unreviewed|Hydrogenase	A0A6C1B1K9|unreviewed|Hydrogenase
A0A6C1BT20|unreviewed|Formyl	A0A6C1BT20|unreviewed|Formyl
A0A6C2CR40|unreviewed|Hydrogenase	A0A6C2CR40|unreviewed|Hydrogenase
A0A6G0F3M3|unreviewed|Hydrogenase	A0A6G0F3M3|unreviewed|Hydrogenase
A0A6G0F3M3|unreviewed|Hydrogenase	A0A0X3XY07|unreviewed|Hydrogenase
A0A6G0F3M3|unreviewed|Hydrogenase	A0A370VXY6|unreviewed|Hydrogenase
A0A6G2S7B5|unreviewed|Hydrogenase	A0A6G2S7B5|unreviewed|Hydrogenase
A0A6G4TU11|unreviewed|Formyl	A0A6G4TU11|unreviewed|Formyl
A0A6G4TXN2|unreviewed|Hydrogenase	A0A6G4TXN2|unreviewed|Hydrogenase
A0A6G9FE85|unreviewed|Hydrogenase	A0A6G9FE85|unreviewed|Hydrogenase
A0A6G9Z4T1|unreviewed|Formyl	A0A6G9Z4T1|unreviewed|Formyl
A0A6G9Z4T1|unreviewed|Formyl	A0A291RMD8|unreviewed|Hydrogenase
A0A6H9UUJ6|unreviewed|Hydrogenase	A0A6H9UUJ6|unreviewed|Hydrogenase
A0A6H9UUJ6|unreviewed|Hydrogenase	A0A6G2ICJ3|unreviewed|Hydrogenase
A0A6I0EJU6|unreviewed|Formyl	A0A6I0EJU6|unreviewed|Formyl
A0A6I1FQJ3|unreviewed|Formyl	A0A6I1FQJ3|unreviewed|Formyl
A0A6I1NQQ0|unreviewed|Formyl	A0A6I1NQQ0|unreviewed|Formyl
A0A6I1NQQ0|unreviewed|Formyl	A0A0C2ED82|unreviewed|Hydrogenase
A0A6I1NQQ0|unreviewed|Formyl	A0A7Y7WAA7|unreviewed|Formyl
A0A6I1NQQ0|unreviewed|Formyl	A0A7Y7XB87|unreviewed|Formyl
A0A6I1NQQ0|unreviewed|Formyl	A0A7Y8BQE6|unreviewed|Formyl
A0A6I1Z2U3|unreviewed|Formyl	A0A6I1Z2U3|unreviewed|Formyl
A0A6I3W8D1|unreviewed|Formyl	A0A6I3W8D1|unreviewed|Formyl
A0A6I5HND7|unreviewed|Formyl	A0A6I5HND7|unreviewed|Formyl
A0A6I5HND7|unreviewed|Formyl	A0A2S4Z4C1|unreviewed|Formyl
A0A6I6FEE4|unreviewed|Hydrogenase	A0A6I6FEE4|unreviewed|Hydrogenase
A0A6I6NMM0|unreviewed|Formyl	A0A6I6NMM0|unreviewed|Formyl
A0A6I6S2U1|unreviewed|Hydrogenase	A0A6I6S2U1|unreviewed|Hydrogenase
A0A6I7N347|unreviewed|Hydrogenase	A0A6I7N347|unreviewed|Hydrogenase
A0A6I7YSN9|unreviewed|Formyl	A0A6I7YSN9|unreviewed|Formyl
A0A6I8M189|unreviewed|Formyl	A0A6I8M189|unreviewed|Formyl
A0A6J4F5G5|unreviewed|Hydrogenase	A0A6J4F5G5|unreviewed|Hydrogenase
A0A6J4F5G5|unreviewed|Hydrogenase	A0A178MGU9|unreviewed|Hydrogenase
A0A6J4F6J8|unreviewed|Formyl	A0A6J4F6J8|unreviewed|Formyl
A0A6J4G2X1|unreviewed|Hydrogenase	A0A6J4G2X1|unreviewed|Hydrogenase
A0A6L3EMB1|unreviewed|Hydrogenase	A0A6L3EMB1|unreviewed|Hydrogenase
A0A6L4YDJ9|unreviewed|Formyl	A0A6L4YDJ9|unreviewed|Formyl
A0A6L5C0U4|unreviewed|Methionyl-tRNA	A0A6L5C0U4|unreviewed|Methionyl-tRNA
A0A6M4PRA9|unreviewed|Hydrogenase	A0A6M4PRA9|unreviewed|Hydrogenase
A0A6M4PRA9|unreviewed|Hydrogenase	A0A0N0A653|unreviewed|Formyl
A0A6M4PRA9|unreviewed|Hydrogenase	A0A101QDN8|unreviewed|Hydrogenase
A0A6M4PRA9|unreviewed|Hydrogenase	A0A2S4ZB57|unreviewed|Hydrogenase
A0A6M4X3A7|unreviewed|Hydrogenase	A0A6M4X3A7|unreviewed|Hydrogenase
A0A6M4X3A7|unreviewed|Hydrogenase	A0A1V6MXA9|unreviewed|Formyl
A0A6N0ZCG9|unreviewed|Hydrogenase	A0A6N0ZCG9|unreviewed|Hydrogenase
A0A6N1V8Q8|unreviewed|Hydrogenase	A0A6N1V8Q8|unreviewed|Hydrogenase
A0A6N2I1V4|unreviewed|Hydrogenase	A0A6N2I1V4|unreviewed|Hydrogenase
A0A6N2I1V4|unreviewed|Hydrogenase	A0A3N6I2F2|unreviewed|4-chlorobenzoyl
A0A6N2I1V4|unreviewed|Hydrogenase	A0A1K2CB86|unreviewed|Putative
A0A6N2I1V4|unreviewed|Hydrogenase	A0AAU2KS04|unreviewed|Hydrogenase
A0A6N2I1V4|unreviewed|Hydrogenase	A0AAU2MJL4|unreviewed|Formyl
A0A6N2I1V4|unreviewed|Hydrogenase	A0AAU2U9C8|unreviewed|Formyl
A0A6N2I1V4|unreviewed|Hydrogenase	A0AAU3QCF2|unreviewed|Hydrogenase
A0A6N2I1V4|unreviewed|Hydrogenase	A0AAU4ZH07|unreviewed|Hydrogenase
A0A6N2I1V4|unreviewed|Hydrogenase	A0AAU6MN99|unreviewed|Hydrogenase
A0A6N4E5J0|unreviewed|Hydrogenase	A0A6N4E5J0|unreviewed|Hydrogenase
A0A6N6T5C9|unreviewed|Hydrogenase	A0A6N6T5C9|unreviewed|Hydrogenase
A0A6N7GL50|unreviewed|Hydrogenase	A0A6N7GL50|unreviewed|Hydrogenase
A0A6N7HYZ7|unreviewed|Formyl	A0A6N7HYZ7|unreviewed|Formyl
A0A6N7KN07|unreviewed|Hydrogenase	A0A6N7KN07|unreviewed|Hydrogenase
A0A6N7L3C2|unreviewed|Hydrogenase	A0A6N7L3C2|unreviewed|Hydrogenase
A0A6N7LK25|unreviewed|Formyl	A0A6N7LK25|unreviewed|Formyl
A0A6N8DMC4|unreviewed|Hydrogenase	A0A6N8DMC4|unreviewed|Hydrogenase
A0A6N9RID8|unreviewed|Hydrogenase	A0A6N9RID8|unreviewed|Hydrogenase
A0A6P1D427|unreviewed|Hydrogenase	A0A6P1D427|unreviewed|Hydrogenase
A0A6S6XXR0|unreviewed|Hydrogenase	A0A6S6XXR0|unreviewed|Hydrogenase
A0A7C1TY48|unreviewed|Hydrogenase	A0A7C1TY48|unreviewed|Hydrogenase
A0A7C1X5X8|unreviewed|Hydrogenase	A0A7C1X5X8|unreviewed|Hydrogenase
A0A7C2VH04|unreviewed|Hydrogenase	A0A7C2VH04|unreviewed|Hydrogenase
A0A7C3G5S2|unreviewed|Hydrogenase	A0A7C3G5S2|unreviewed|Hydrogenase
A0A7C9PEF3|unreviewed|Formyl	A0A7C9PEF3|unreviewed|Formyl
A0A7C9UZ76|unreviewed|Formyl	A0A7C9UZ76|unreviewed|Formyl
A0A7G1KHJ9|unreviewed|Hydrogenase	A0A7G1KHJ9|unreviewed|Hydrogenase
A0A2T4IKY1|unreviewed|Hydrogenase	A0A2T4IKY1|unreviewed|Hydrogenase
A0A2T4IKY1|unreviewed|Hydrogenase	A0A271LHU3|unreviewed|Hydrogenase
A0A2T4IKY1|unreviewed|Hydrogenase	A0A559TK52|unreviewed|Putative
A0A2T6FCC0|unreviewed|Hydrogenase	A0A2T6FCC0|unreviewed|Hydrogenase
A0A2T7TA24|unreviewed|Hydrogenase	A0A2T7TA24|unreviewed|Hydrogenase
A0A2T9ZPA1|unreviewed|Hydrogenase	A0A2T9ZPA1|unreviewed|Hydrogenase
A0A2U1WS10|unreviewed|Formyl	A0A2U1WS10|unreviewed|Formyl
A0A2U2ZDU1|unreviewed|Formyl	A0A2U2ZDU1|unreviewed|Formyl
A0A2U3HA96|unreviewed|Hydrogenase	A0A2U3HA96|unreviewed|Hydrogenase
A0A2V1GU02|unreviewed|Formyl	A0A2V1GU02|unreviewed|Formyl
A0A2V4ARS1|unreviewed|Formyl	A0A2V4ARS1|unreviewed|Formyl
A0A2V5K0B1|unreviewed|Hydrogenase	A0A2V5K0B1|unreviewed|Hydrogenase
A0A2W4K0L7|unreviewed|Hydrogenase	A0A2W4K0L7|unreviewed|Hydrogenase
A0A2W4K0L7|unreviewed|Hydrogenase	A0A1F6PIV4|unreviewed|Hydrogenase
A0A2W4RAK2|unreviewed|Hydrogenase	A0A2W4RAK2|unreviewed|Hydrogenase
A0A2W4RH89|unreviewed|Hydrogenase	A0A2W4RH89|unreviewed|Hydrogenase
A0A2W5ZBI0|unreviewed|Formyl	A0A2W5ZBI0|unreviewed|Formyl
A0A2X0IMH7|unreviewed|Hydrogenase	A0A2X0IMH7|unreviewed|Hydrogenase
A0A2X0IV93|unreviewed|Hydrogenase	A0A2X0IV93|unreviewed|Hydrogenase
A0A2Z4ITG2|unreviewed|Hydrogenase	A0A2Z4ITG2|unreviewed|Hydrogenase
A0A2Z4ITG2|unreviewed|Hydrogenase	A0A0M9ZUK2|unreviewed|Hydrogenase
A0A2Z4UUL8|unreviewed|Formyl	A0A2Z4UUL8|unreviewed|Formyl
A0A2Z5JU42|unreviewed|Methionyl-tRNA	A0A2Z5JU42|unreviewed|Methionyl-tRNA
A0A317HM27|unreviewed|Hydrogenase	A0A317HM27|unreviewed|Hydrogenase
A0A317N844|unreviewed|Putative	A0A317N844|unreviewed|Putative
A0A317N844|unreviewed|Putative	A0AAW4ID62|unreviewed|Hydrogenase
A0A317N844|unreviewed|Putative	Q1LN52|unreviewed|Hydrogenase
A0A327JIC4|unreviewed|Hydrogenase	A0A327JIC4|unreviewed|Hydrogenase
A0A327UUR7|unreviewed|Putative	A0A327UUR7|unreviewed|Putative
A0A327UUR7|unreviewed|Putative	A0A1E7KJ59|unreviewed|Hydrogenase
A0A327ZHY6|unreviewed|Formyl	A0A327ZHY6|unreviewed|Formyl
A0A344U2E5|unreviewed|Formyl	A0A344U2E5|unreviewed|Formyl
A0A344UKC5|unreviewed|Formyl	A0A344UKC5|unreviewed|Formyl
A0A353Y823|unreviewed|Formyl	A0A353Y823|unreviewed|Formyl
A0A354Z555|unreviewed|Hydrogenase	A0A354Z555|unreviewed|Hydrogenase
A0A355AC88|unreviewed|Hydrogenase	A0A355AC88|unreviewed|Hydrogenase
A0A356V8I6|unreviewed|Hydrogenase	A0A356V8I6|unreviewed|Hydrogenase
A0A363SIE5|unreviewed|Hydrogenase	A0A363SIE5|unreviewed|Hydrogenase
A0A364NUT7|unreviewed|Hydrogenase	A0A364NUT7|unreviewed|Hydrogenase
A0A367EKV0|unreviewed|Hydrogenase	A0A367EKV0|unreviewed|Hydrogenase
A0A367EKV0|unreviewed|Hydrogenase	A0A367EBK5|unreviewed|Hydrogenase
A0A369UZB7|unreviewed|Hydrogenase	A0A369UZB7|unreviewed|Hydrogenase
A0A369WGR5|unreviewed|Hydrogenase	A0A369WGR5|unreviewed|Hydrogenase
A0A370GK77|unreviewed|Putative	A0A370GK77|unreviewed|Putative
A0A370HS51|unreviewed|Putative	A0A370HS51|unreviewed|Putative
A0A371K724|unreviewed|Hydrogenase	A0A371K724|unreviewed|Hydrogenase
A0A371Q870|unreviewed|Hydrogenase	A0A371Q870|unreviewed|Hydrogenase
A0A371XKG0|unreviewed|Hydrogenase	A0A371XKG0|unreviewed|Hydrogenase
A0A371XKG0|unreviewed|Hydrogenase	A0AAU1MTY4|unreviewed|Hydrogenase
A0A371XKG0|unreviewed|Hydrogenase	A0AAU1NMQ2|unreviewed|Hydrogenase
A0A371XKG0|unreviewed|Hydrogenase	A0AAU1QHP5|unreviewed|Hydrogenase
A0A371XKG0|unreviewed|Hydrogenase	A0AAU1SGJ2|unreviewed|Hydrogenase
A0A371XKG0|unreviewed|Hydrogenase	A0AAU1TTD0|unreviewed|Hydrogenase
A0A371XKG0|unreviewed|Hydrogenase	A0AAU1W050|unreviewed|Hydrogenase
A0A371XKG0|unreviewed|Hydrogenase	A0AAU2B8I0|unreviewed|Hydrogenase
A0A371XKG0|unreviewed|Hydrogenase	A0AAU2I1N7|unreviewed|Hydrogenase
A0A371XKG0|unreviewed|Hydrogenase	A0AAU2ZS62|unreviewed|Hydrogenase
A0A371XKG0|unreviewed|Hydrogenase	A0AAU3MZZ1|unreviewed|Hydrogenase
A0A371XKG0|unreviewed|Hydrogenase	A0AAU4W4B1|unreviewed|Hydrogenase
A0A372BYN7|unreviewed|Formyl	A0A372BYN7|unreviewed|Formyl
A0A372ZMN5|unreviewed|Hydrogenase	A0A372ZMN5|unreviewed|Hydrogenase
A0A372ZMN5|unreviewed|Hydrogenase	A0A1Q4WA00|unreviewed|Hydrogenase
A0A3B1AJC2|unreviewed|Hydrogenase	A0A3B1AJC2|unreviewed|Hydrogenase
A0A3B1C9F5|unreviewed|Hydrogenase	A0A3B1C9F5|unreviewed|Hydrogenase
A0A3B7A8H9|unreviewed|Hydrogenase	A0A3B7A8H9|unreviewed|Hydrogenase
A0A3C0KD51|unreviewed|Hydrogenase	A0A3C0KD51|unreviewed|Hydrogenase
A0A3D0QXZ9|unreviewed|Hydrogenase	A0A3D0QXZ9|unreviewed|Hydrogenase
A0A3D1JLW2|unreviewed|Hydrogenase	A0A3D1JLW2|unreviewed|Hydrogenase
A0A3D1JLW2|unreviewed|Hydrogenase	A0A1F4LEV7|unreviewed|Hydrogenase
A0A3D3ZV48|unreviewed|Hydrogenase	A0A3D3ZV48|unreviewed|Hydrogenase
A0A3E1R6U2|unreviewed|Formyl	A0A3E1R6U2|unreviewed|Formyl
A0A3G2JR22|unreviewed|Formyl	A0A3G2JR22|unreviewed|Formyl
A0A3G7TNG5|unreviewed|HoxX-like	A0A3G7TNG5|unreviewed|HoxX-like
A0A3G7TNG5|unreviewed|HoxX-like	A0A0D5XYL0|unreviewed|Formyl
A0A3G7TNG5|unreviewed|HoxX-like	A0A1H3UCB4|unreviewed|Methionyl-tRNA
A0A3G7TNG5|unreviewed|HoxX-like	A0A1Q8ENH5|unreviewed|Formyl
A0A3G7TNG5|unreviewed|HoxX-like	A0A554PBH6|unreviewed|Formyl
A0A3G7TNG5|unreviewed|HoxX-like	A0AAD0ZJY1|unreviewed|Formyl
A0A3G7TNG5|unreviewed|HoxX-like	A0AAJ1E1L7|unreviewed|Formyl
A0A3G7TNG5|unreviewed|HoxX-like	A0AAQ0AMK2|unreviewed|Formyl
A0A3G7TNG5|unreviewed|HoxX-like	A0AAX2E6F4|unreviewed|Methionyl-tRNA
A0A3G7TNG5|unreviewed|HoxX-like	A0AAX3FRV2|unreviewed|Formyl
A0A3G7TNG5|unreviewed|HoxX-like	A0AB33WYY3|unreviewed|Formyl
A0A3G7TNG5|unreviewed|HoxX-like	A0AB34C256|unreviewed|Formyl
A0A3L6LWD2|unreviewed|Hydrogenase	A0A3L6LWD2|unreviewed|Hydrogenase
A0A3M0HV78|unreviewed|Formyl	A0A3M0HV78|unreviewed|Formyl
A0A3M0YIE0|unreviewed|Hydrogenase	A0A3M0YIE0|unreviewed|Hydrogenase
A0A3M1BIV5|unreviewed|Hydrogenase	A0A3M1BIV5|unreviewed|Hydrogenase
A0A3M1KFW2|unreviewed|Hydrogenase	A0A3M1KFW2|unreviewed|Hydrogenase
A0A3M1UTN1|unreviewed|Hydrogenase	A0A3M1UTN1|unreviewed|Hydrogenase
A0A3M2GV25|unreviewed|Hydrogenase	A0A3M2GV25|unreviewed|Hydrogenase
A0A3M4Q8Z0|unreviewed|Formyl	A0A3M4Q8Z0|unreviewed|Formyl
A0A3M4Q8Z0|unreviewed|Formyl	A0A0Q4EKK3|unreviewed|Formyl
A0A3M4Q8Z0|unreviewed|Formyl	A0A0W0HVL9|unreviewed|Formyl
A0A3M4Q8Z0|unreviewed|Formyl	A0A1H3UKB4|unreviewed|Putative
A0A3M4Q8Z0|unreviewed|Formyl	A0A2G5LLJ9|unreviewed|Formyl
A0A3M4Q8Z0|unreviewed|Formyl	A0A7Y0Z4D0|unreviewed|Formyl
A0A3M4Q8Z0|unreviewed|Formyl	A0A7Y7RPE0|unreviewed|Formyl
A0A3M4Q8Z0|unreviewed|Formyl	A0A7Y8FP85|unreviewed|Formyl
A0A3M4Q8Z0|unreviewed|Formyl	A0A7Y8KR49|unreviewed|Formyl
A0A3N0D3B0|unreviewed|Formyl	A0A3N0D3B0|unreviewed|Formyl
A0A3N0D3B0|unreviewed|Formyl	A0A388SWR9|unreviewed|Formyl
A0A3N1GIH3|unreviewed|Putative	A0A3N1GIH3|unreviewed|Putative
A0A3N1GIH3|unreviewed|Putative	A0A1K0FL42|unreviewed|Formyl
A0A3N1TGQ9|unreviewed|Putative	A0A3N1TGQ9|unreviewed|Putative
A0A3N1TGQ9|unreviewed|Putative	A0AAU3M714|unreviewed|Hydrogenase
A0A3N1TGQ9|unreviewed|Putative	A0AAU5IWG6|unreviewed|Hydrogenase
A0A3N1Y112|unreviewed|Putative	A0A3N1Y112|unreviewed|Putative
A0A3N2H6X1|unreviewed|Putative	A0A3N2H6X1|unreviewed|Putative
A0A3N4T0T0|unreviewed|Formyl	A0A3N4T0T0|unreviewed|Formyl
A0A3N4ZCG0|unreviewed|Putative	A0A3N4ZCG0|unreviewed|Putative
A0A3N7DUL8|unreviewed|Formyl	A0A3N7DUL8|unreviewed|Formyl
A0A3P1SWG0|unreviewed|Hydrogenase	A0A3P1SWG0|unreviewed|Hydrogenase
A0A3Q8VH27|unreviewed|Formyl	A0A3Q8VH27|unreviewed|Formyl
A0A3Q9EYP3|unreviewed|Hydrogenase	A0A3Q9EYP3|unreviewed|Hydrogenase
A0A3R8RG60|unreviewed|Hydrogenase	A0A3R8RG60|unreviewed|Hydrogenase
A0A3R8RG60|unreviewed|Hydrogenase	A0A1C5DHS2|unreviewed|Putative
A0A3R8RG60|unreviewed|Hydrogenase	A0A4S2J0B7|unreviewed|Hydrogenase
A0A3R8RG60|unreviewed|Hydrogenase	A0A6G2Q1X2|unreviewed|Hydrogenase
A0A3R8RG60|unreviewed|Hydrogenase	A0A7H1QAS6|unreviewed|Hydrogenase
A0A3R8RG60|unreviewed|Hydrogenase	A0A7W3RJ44|unreviewed|Hydrogenase
A0A3R8RG60|unreviewed|Hydrogenase	A0ABD6IVM5|unreviewed|Hydrogenase
A0A3R9VPU4|unreviewed|Formyl	A0A3R9VPU4|unreviewed|Formyl
A0A3R9VPU4|unreviewed|Formyl	A0A3S8Y359|unreviewed|Hydrogenase
A0A3R9VPU4|unreviewed|Formyl	A0AAU1KSJ1|unreviewed|Hydrogenase
A0A3S0FF47|unreviewed|Hydrogenase	A0A3S0FF47|unreviewed|Hydrogenase
A0A3S3SAN2|unreviewed|Hydrogenase	A0A3S3SAN2|unreviewed|Hydrogenase
A0A3S3SAN2|unreviewed|Hydrogenase	A0A3P3VM18|unreviewed|Hydrogenase
A0A3T1ATJ1|unreviewed|Formyl	A0A3T1ATJ1|unreviewed|Formyl
A0A401QW45|unreviewed|Hydrogenase	A0A401QW45|unreviewed|Hydrogenase
A0A401QW45|unreviewed|Hydrogenase	A0A2M9MA02|unreviewed|Hydrogenase
A0A410V0Q9|unreviewed|Hydrogenase	A0A410V0Q9|unreviewed|Hydrogenase
A0A410VIV2|unreviewed|Hydrogenase	A0A410VIV2|unreviewed|Hydrogenase
A0A410VIV2|unreviewed|Hydrogenase	A0A7S7UJI8|unreviewed|Hydrogenase
A0A410VIV2|unreviewed|Hydrogenase	A0A7S7UZ57|unreviewed|Hydrogenase
A0A410VIV2|unreviewed|Hydrogenase	A0A7S7W9R8|unreviewed|Hydrogenase
A0A410VIV2|unreviewed|Hydrogenase	A0A9X1RAJ5|unreviewed|Hydrogenase
A0A410VIV2|unreviewed|Hydrogenase	A0AAE6CCU4|unreviewed|Hydrogenase
A0A423H6J9|unreviewed|Formyl	A0A423H6J9|unreviewed|Formyl
A0A423KF98|unreviewed|Formyl	A0A423KF98|unreviewed|Formyl
A0A423MLL6|unreviewed|Formyl	A0A423MLL6|unreviewed|Formyl
A0A423MLL6|unreviewed|Formyl	A0A0A6D761|unreviewed|Formyl
A0A423MLL6|unreviewed|Formyl	A0A4R7UXI8|unreviewed|Putative
A0A423MLL6|unreviewed|Formyl	A0A5E7SDY9|unreviewed|Methionyl-tRNA
A0A423MLL6|unreviewed|Formyl	A0A9E6TDG0|unreviewed|Formyl
A0A427T2A6|unreviewed|Formyl	A0A427T2A6|unreviewed|Formyl
A0A428W3X8|unreviewed|Formyl	A0A428W3X8|unreviewed|Formyl
A0A428X826|unreviewed|Formyl	A0A428X826|unreviewed|Formyl
A0A428X826|unreviewed|Formyl	A0A420UZ33|unreviewed|Formyl
A0A428X9S3|unreviewed|Formyl	A0A428X9S3|unreviewed|Formyl
A0A429A451|unreviewed|Hydrogenase	A0A429A451|unreviewed|Hydrogenase
A0A429A451|unreviewed|Hydrogenase	A0A1H5AIQ2|unreviewed|Putative
A0A429A451|unreviewed|Hydrogenase	A0A7H8T2P8|unreviewed|Hydrogenase
A0A429A451|unreviewed|Hydrogenase	A0A7M3NW28|unreviewed|Hydrogenase
A0A429FJZ2|unreviewed|Hydrogenase	A0A429FJZ2|unreviewed|Hydrogenase
A0A429UDY8|unreviewed|Hydrogenase	A0A429UDY8|unreviewed|Hydrogenase
A0A430HBI3|unreviewed|Formyl	A0A430HBI3|unreviewed|Formyl
A0A431LR82|unreviewed|Formyl	A0A431LR82|unreviewed|Formyl
A0A431LR82|unreviewed|Formyl	A0A254MZF3|unreviewed|Formyl
A0A431PWL2|unreviewed|Hydrogenase	A0A431PWL2|unreviewed|Hydrogenase
A0A431TJ55|unreviewed|Hydrogenase	A0A431TJ55|unreviewed|Hydrogenase
A0A431TJ55|unreviewed|Hydrogenase	A0A1H7MCM7|unreviewed|Putative
A0A438M5N4|unreviewed|Formyl	A0A438M5N4|unreviewed|Formyl
A0A446CSV3|unreviewed|Putative	A0A446CSV3|unreviewed|Putative
A0A450RTP0|unreviewed|Putative	A0A450RTP0|unreviewed|Putative
A0A450TW84|unreviewed|Putative	A0A450TW84|unreviewed|Putative
A0A450U8W0|unreviewed|Formyl	A0A450U8W0|unreviewed|Formyl
A0A450U8W0|unreviewed|Formyl	A0A450UWK2|unreviewed|Formyl
A0A450U8W0|unreviewed|Formyl	A0A450WKX7|unreviewed|Formyl
A0A450VIA4|unreviewed|Formyl	A0A450VIA4|unreviewed|Formyl
A0A495WPK0|unreviewed|Putative	A0A495WPK0|unreviewed|Putative
A0A496XRJ7|unreviewed|Formyl	A0A496XRJ7|unreviewed|Formyl
A0A497XP23|unreviewed|Putative	A0A497XP23|unreviewed|Putative
A0A4D4MIW6|unreviewed|Hydrogenase	A0A4D4MIW6|unreviewed|Hydrogenase
A0A4D4MIW6|unreviewed|Hydrogenase	A0A6I5EQG6|unreviewed|Hydrogenase
A0A4D4MIW6|unreviewed|Hydrogenase	Q79Z01|unreviewed|[NiFe]
A0A4D4MIW6|unreviewed|Hydrogenase	Q93HH7|unreviewed|HoxX-like
A0A4P6GX18|unreviewed|Hydrogenase	A0A4P6GX18|unreviewed|Hydrogenase
A0A4P6GX18|unreviewed|Hydrogenase	A2SJM4|unreviewed|Putative
A0A4P6GX18|unreviewed|Hydrogenase	W7W333|unreviewed|Enoyl-CoA
A0A4P6GX18|unreviewed|Hydrogenase	W7WWJ2|unreviewed|Enoyl-CoA
A0A4P6WRC0|unreviewed|Enoyl-CoA	A0A4P6WRC0|unreviewed|Enoyl-CoA
A0A4P7F7G1|unreviewed|Formyl	A0A4P7F7G1|unreviewed|Formyl
A0A4P7F8P9|unreviewed|Formyl	A0A4P7F8P9|unreviewed|Formyl
A0A4P9VTK1|unreviewed|Formyl	A0A4P9VTK1|unreviewed|Formyl
A0A4Q1R426|unreviewed|Hydrogenase	A0A4Q1R426|unreviewed|Hydrogenase
A0A4Q1R426|unreviewed|Hydrogenase	A0AAU6HVI9|unreviewed|Hydrogenase
A0A4Q1R426|unreviewed|Hydrogenase	A0AB38AAI5|unreviewed|Two-component
A0A4Q1R426|unreviewed|Hydrogenase	J1ZRF4|unreviewed|Formyltransferase|taxID:1160718
A0A4Q2TGC0|unreviewed|Formyl	A0A4Q2TGC0|unreviewed|Formyl
A0A4Q5VBT1|unreviewed|Sensor	A0A4Q5VBT1|unreviewed|Sensor
A0A4Q6IBE3|unreviewed|Formyl	A0A4Q6IBE3|unreviewed|Formyl
A0A4Q7Z788|unreviewed|Formyl	A0A4Q7Z788|unreviewed|Formyl
A0A4Q7Z788|unreviewed|Formyl	A0A4P6U3C0|unreviewed|Formyl
A0A4Q7Z788|unreviewed|Formyl	A0A4Z1D927|unreviewed|Formyl
A0A4Q7Z788|unreviewed|Formyl	A0A4Z1DAW5|unreviewed|Formyl
A0A4Q7Z788|unreviewed|Formyl	A0A7K3QNP9|unreviewed|Formyl
A0A4Q7ZN55|unreviewed|Putative	A0A4Q7ZN55|unreviewed|Putative
A0A4Q8QJY9|unreviewed|Hydrogenase	A0A4Q8QJY9|unreviewed|Hydrogenase
A0A4R2JPE3|unreviewed|Formyl	A0A4R2JPE3|unreviewed|Formyl
A0A4R3USD1|unreviewed|Formyl	A0A4R3USD1|unreviewed|Formyl
A0A4R4XSP3|unreviewed|Formyl	A0A4R4XSP3|unreviewed|Formyl
A0A4R4XSP3|unreviewed|Formyl	A0A2W2D329|unreviewed|Formyl
A0A4R6JRK4|unreviewed|Formyl	A0A4R6JRK4|unreviewed|Formyl
A0A4S2RD86|unreviewed|Formyl	A0A4S2RD86|unreviewed|Formyl
A0A4S2S6Q5|unreviewed|Hydrogenase	A0A4S2S6Q5|unreviewed|Hydrogenase
A0A4S2S6Q5|unreviewed|Hydrogenase	A0AAU1LF00|unreviewed|Hydrogenase
A0A4S2S6Q5|unreviewed|Hydrogenase	A0AAU2G554|unreviewed|Hydrogenase
A0A4S2S6Q5|unreviewed|Hydrogenase	A0AB39XX50|unreviewed|Hydrogenase
A0AAE4AYA1|unreviewed|Formyl	A0AAE4AYA1|unreviewed|Formyl
A0AAE4CTW4|unreviewed|Formyl	A0AAE4CTW4|unreviewed|Formyl
A0AAE6TKQ1|unreviewed|Methionyl-tRNA	A0AAE6TKQ1|unreviewed|Methionyl-tRNA
A0AAE6TKQ1|unreviewed|Methionyl-tRNA	A0A640T544|unreviewed|Hydrogenase
A0AAE6TKQ1|unreviewed|Methionyl-tRNA	A0A6H1JJV5|unreviewed|Hydrogenase
A0AAE7DI57|unreviewed|Formyl	A0AAE7DI57|unreviewed|Formyl
A0AAE7DI57|unreviewed|Formyl	A0A423KDH4|unreviewed|Formyl
A0AAE7DI57|unreviewed|Formyl	A0A5B0FUR8|unreviewed|Formyl
A0AAE9YUS0|unreviewed|Hydrogenase	A0AAE9YUS0|unreviewed|Hydrogenase
A0AAF0C7H9|unreviewed|Hydrogenase	A0AAF0C7H9|unreviewed|Hydrogenase
A0AAJ1C0L2|unreviewed|Hydrogenase	A0AAJ1C0L2|unreviewed|Hydrogenase
A0AAJ1C0L2|unreviewed|Hydrogenase	A0A292EAT0|unreviewed|Hydrogenase
A0AAJ1C0L2|unreviewed|Hydrogenase	A0A6M1S5K7|unreviewed|Formyl
A0AAJ1C0L2|unreviewed|Hydrogenase	A0A9X2DIP8|unreviewed|Hydrogenase
A0AAJ1TQX0|unreviewed|Hydrogenase	A0AAJ1TQX0|unreviewed|Hydrogenase
A0AAJ1TQX0|unreviewed|Hydrogenase	A0A0L6JFC1|unreviewed|Formyl
A0AAJ2PJF5|unreviewed|Hydrogenase	A0AAJ2PJF5|unreviewed|Hydrogenase
A0AAJ2YKS7|unreviewed|Formyl	A0AAJ2YKS7|unreviewed|Formyl
A0AAJ2YKS7|unreviewed|Formyl	A0AA41CHR0|unreviewed|Formyl
A0AAJ3EBR6|unreviewed|Formyl	A0AAJ3EBR6|unreviewed|Formyl
A0AAJ3EBR6|unreviewed|Formyl	A0A379IGB8|unreviewed|Formyl
A0AAJ3EBR6|unreviewed|Formyl	A0AAJ4B9K1|unreviewed|Formyl
A0AAJ3GMG5|unreviewed|Formyl	A0AAJ3GMG5|unreviewed|Formyl
A0AAJ3GMG5|unreviewed|Formyl	A0A7M1KNL5|unreviewed|Formyl
A0AAJ4A4E2|unreviewed|Hydrogenase|taxID:2590021	A0AAJ4A4E2|unreviewed|Hydrogenase|taxID:2590021
A0AAJ4A4E2|unreviewed|Hydrogenase|taxID:2590021	A0A2K2VJ12|unreviewed|Hydrogenase|taxID:2022749
A0AAJ5ZPQ3|unreviewed|Hydrogenase	A0AAJ5ZPQ3|unreviewed|Hydrogenase
A0AAJ5ZPQ3|unreviewed|Hydrogenase	A0A3S9CSE6|unreviewed|Hydrogenase
A0AAN1SZH2|unreviewed|Hydrogenase	A0AAN1SZH2|unreviewed|Hydrogenase
A0AAN2BKW3|unreviewed|Formyl	A0AAN2BKW3|unreviewed|Formyl
A0AAP6ZXS2|unreviewed|Hydrogenase	A0AAP6ZXS2|unreviewed|Hydrogenase
A0AAP8NAV1|unreviewed|Formyl	A0AAP8NAV1|unreviewed|Formyl
A0AAP8NAV1|unreviewed|Formyl	A0A345UY11|unreviewed|Formyl
A0AAP8NAV1|unreviewed|Formyl	A0A7Y9W123|unreviewed|Formyl
A0AAT9W3R4|unreviewed|Hydrogenase	A0AAT9W3R4|unreviewed|Hydrogenase
A0AAU0TAN5|unreviewed|Formyl	A0AAU0TAN5|unreviewed|Formyl
A0AAU0VUR5|unreviewed|Formyl	A0AAU0VUR5|unreviewed|Formyl
A0AAU0VZX2|unreviewed|Hydrogenase	A0AAU0VZX2|unreviewed|Hydrogenase
A0AAU1AW27|unreviewed|Formyl	A0AAU1AW27|unreviewed|Formyl
A0AAU1AW27|unreviewed|Formyl	A0AAU2G384|unreviewed|Formyl
A0AAU1AW27|unreviewed|Formyl	A0AAU4W115|unreviewed|Formyl
A0AAU1EML4|unreviewed|Formyl	A0AAU1EML4|unreviewed|Formyl
A0AAU1EML4|unreviewed|Formyl	A0AAU3EY30|unreviewed|Hydrogenase
A0AAU1EML4|unreviewed|Formyl	A0AAU4LHM3|unreviewed|Hydrogenase
A0AAU1GF44|unreviewed|Formyl	A0AAU1GF44|unreviewed|Formyl
A0AAU1GF44|unreviewed|Formyl	A0AAU1RNE2|unreviewed|Formyl
A0AAU1GF44|unreviewed|Formyl	A0AAU2K6V5|unreviewed|Formyl
A0AAU1QEG7|unreviewed|Hydrogenase	A0AAU1QEG7|unreviewed|Hydrogenase
A0AAU1QEG7|unreviewed|Hydrogenase	A0AAU1CPD4|unreviewed|Hydrogenase
A0AAU1S8X3|unreviewed|Hydrogenase	A0AAU1S8X3|unreviewed|Hydrogenase
A0AAU1S8X3|unreviewed|Hydrogenase	A0A1G5BC57|unreviewed|Putative
A0AAU1S8X3|unreviewed|Hydrogenase	A0AAU0XZS3|unreviewed|Hydrogenase
A0AAU1S8X3|unreviewed|Hydrogenase	A0AAU0Y8P7|unreviewed|Hydrogenase
A0AAU1S8X3|unreviewed|Hydrogenase	A0AAU1DDY9|unreviewed|Hydrogenase
A0AAU1S8X3|unreviewed|Hydrogenase	A0AAU2JAV7|unreviewed|Hydrogenase
A0AAU1XLD0|unreviewed|Formyl	A0AAU1XLD0|unreviewed|Formyl
A0AAU1XLD0|unreviewed|Formyl	A0AAU3SYG2|unreviewed|Formyl
A0AAU1XTE2|unreviewed|Hydrogenase	A0AAU1XTE2|unreviewed|Hydrogenase
A0AAU1XTE2|unreviewed|Hydrogenase	A0AAU2RSM1|unreviewed|Hydrogenase
A0AAU1XTE2|unreviewed|Hydrogenase	A0AAU4CKY6|unreviewed|Hydrogenase
A0AAU1XTE2|unreviewed|Hydrogenase	A0AAU5G3J9|unreviewed|Hydrogenase
A0AAU1ZKA3|unreviewed|Hydrogenase	A0AAU1ZKA3|unreviewed|Hydrogenase
A0AAU2AUZ5|unreviewed|Hydrogenase	A0AAU2AUZ5|unreviewed|Hydrogenase
A0AAU2AUZ5|unreviewed|Hydrogenase	A0AAU2NMF8|unreviewed|Hydrogenase
A0AAU2AUZ5|unreviewed|Hydrogenase	A0AAU5L2B1|unreviewed|Hydrogenase
A0AAU2EHZ9|unreviewed|Hydrogenase	A0AAU2EHZ9|unreviewed|Hydrogenase
A0AAU2FGL7|unreviewed|Hydrogenase	A0AAU2FGL7|unreviewed|Hydrogenase
A0AAU2FGL7|unreviewed|Hydrogenase	A0AAU2AK68|unreviewed|Hydrogenase
A0AAU2HGK3|unreviewed|Hydrogenase	A0AAU2HGK3|unreviewed|Hydrogenase
A0AAU2HGK3|unreviewed|Hydrogenase	A0A2Z5JMX7|unreviewed|Hydrogenase
A0AAU2JYF3|unreviewed|Hydrogenase	A0AAU2JYF3|unreviewed|Hydrogenase
A0AAU2N859|unreviewed|Hydrogenase	A0AAU2N859|unreviewed|Hydrogenase
A0AAU2NZQ2|unreviewed|Hydrogenase	A0AAU2NZQ2|unreviewed|Hydrogenase
A0AAU2NZQ2|unreviewed|Hydrogenase	A0AAU2AHX5|unreviewed|Hydrogenase
A0AAU2Q7X7|unreviewed|Hydrogenase	A0AAU2Q7X7|unreviewed|Hydrogenase
A0AAU3D0K8|unreviewed|Formyl	A0AAU3D0K8|unreviewed|Formyl
A0AAU3EB64|unreviewed|Hydrogenase	A0AAU3EB64|unreviewed|Hydrogenase
A0AAU3EB64|unreviewed|Hydrogenase	A0AAU1P4M8|unreviewed|Hydrogenase
A0AAU3L3X7|unreviewed|Hydrogenase	A0AAU3L3X7|unreviewed|Hydrogenase
A0AAU3N377|unreviewed|Hydrogenase	A0AAU3N377|unreviewed|Hydrogenase
A0A7G8VLN1|unreviewed|Formyl	A0A7G8VLN1|unreviewed|Formyl
A0A7G8VLN1|unreviewed|Formyl	A0A1G4YNP4|unreviewed|Formyl
A0A7H0I218|unreviewed|Hydrogenase	A0A7H0I218|unreviewed|Hydrogenase
A0A7H8HWC1|unreviewed|Formyl	A0A7H8HWC1|unreviewed|Formyl
A0A7K0CFM6|unreviewed|Methionyl-tRNA	A0A7K0CFM6|unreviewed|Methionyl-tRNA
A0A7K0CUX0|unreviewed|Methionyl-tRNA	A0A7K0CUX0|unreviewed|Methionyl-tRNA
A0A7K1V2E9|unreviewed|Formyl	A0A7K1V2E9|unreviewed|Formyl
A0A7K2FVV7|unreviewed|Formyl	A0A7K2FVV7|unreviewed|Formyl
A0A7K2JRE7|unreviewed|Hydrogenase	A0A7K2JRE7|unreviewed|Hydrogenase
A0A7K2W1T0|unreviewed|Formyl	A0A7K2W1T0|unreviewed|Formyl
A0A7K2W1T0|unreviewed|Formyl	A0A5P2W275|unreviewed|Hydrogenase
A0A7K2Y462|unreviewed|Hydrogenase	A0A7K2Y462|unreviewed|Hydrogenase
A0A7K3DNK9|unreviewed|Hydrogenase	A0A7K3DNK9|unreviewed|Hydrogenase
A0A7L6A3Q7|unreviewed|Hydrogenase	A0A7L6A3Q7|unreviewed|Hydrogenase
A0A7M3M5E6|unreviewed|Hydrogenase	A0A7M3M5E6|unreviewed|Hydrogenase
A0A7S2P383|unreviewed|Formyl	A0A7S2P383|unreviewed|Formyl
A0A7S6MMP6|unreviewed|Hydrogenase	A0A7S6MMP6|unreviewed|Hydrogenase
A0A7S7S2T5|unreviewed|Formyl	A0A7S7S2T5|unreviewed|Formyl
A0A7S7S2T5|unreviewed|Formyl	A0A0R3AQP2|unreviewed|Formyl
A0A7S7S2T5|unreviewed|Formyl	A0A5D3GBC6|unreviewed|Formyl
A0A7T1T516|unreviewed|Formyl	A0A7T1T516|unreviewed|Formyl
A0A7U7B076|unreviewed|Hydrogenase	A0A7U7B076|unreviewed|Hydrogenase
A0A7U8GS00|unreviewed|Hydrogenase	A0A7U8GS00|unreviewed|Hydrogenase
A0A7V2M9U8|unreviewed|Hydrogenase	A0A7V2M9U8|unreviewed|Hydrogenase
A0A7V2M9U8|unreviewed|Hydrogenase	A0A7C4E8R8|unreviewed|Hydrogenase
A0A7V7DRJ5|unreviewed|Hydrogenase	A0A7V7DRJ5|unreviewed|Hydrogenase
A0A7V7JL98|unreviewed|Hydrogenase	A0A7V7JL98|unreviewed|Hydrogenase
A0A7V7MUC2|unreviewed|Hydrogenase	A0A7V7MUC2|unreviewed|Hydrogenase
A0A7V8C057|unreviewed|Hydrogenase	A0A7V8C057|unreviewed|Hydrogenase
A0A7W4ZAC4|unreviewed|Formyl	A0A7W4ZAC4|unreviewed|Formyl
A0A7W4ZU62|unreviewed|Hydrogenase	A0A7W4ZU62|unreviewed|Hydrogenase
A0A7W5AK38|unreviewed|Formyl	A0A7W5AK38|unreviewed|Formyl
A0A7W5V4Z9|unreviewed|Putative	A0A7W5V4Z9|unreviewed|Putative
A0A7W6RFK1|unreviewed|Hydrogenase	A0A7W6RFK1|unreviewed|Hydrogenase
A0A7W7G2G1|unreviewed|Formyl	A0A7W7G2G1|unreviewed|Formyl
A0A7W7GVA6|unreviewed|Formyl	A0A7W7GVA6|unreviewed|Formyl
A0A7W7I4Q4|unreviewed|Formyl	A0A7W7I4Q4|unreviewed|Formyl
A0A7W7M0D0|unreviewed|Hydrogenase	A0A7W7M0D0|unreviewed|Hydrogenase
A0A7W7R917|unreviewed|Hydrogenase	A0A7W7R917|unreviewed|Hydrogenase
A0A7W8EKD3|unreviewed|Formyl	A0A7W8EKD3|unreviewed|Formyl
A0A7W9GED6|unreviewed|Formyl	A0A7W9GED6|unreviewed|Formyl
A0A7W9PBN4|unreviewed|Formyl	A0A7W9PBN4|unreviewed|Formyl
A0A7W9Q074|unreviewed|Formyl	A0A7W9Q074|unreviewed|Formyl
A0A7X0C312|unreviewed|Formyl	A0A7X0C312|unreviewed|Formyl
A0A7X1LT73|unreviewed|Hydrogenase	A0A7X1LT73|unreviewed|Hydrogenase
A0A7X3IBU5|unreviewed|Formyl	A0A7X3IBU5|unreviewed|Formyl
A0A7X3IBU5|unreviewed|Formyl	A0A1G9YF17|unreviewed|Formyl
A0A7X6H0Z6|unreviewed|Hydrogenase	A0A7X6H0Z6|unreviewed|Hydrogenase
A0A7X6LVD0|unreviewed|Two-component	A0A7X6LVD0|unreviewed|Two-component
A0A7Y0CSW9|unreviewed|Hydrogenase	A0A7Y0CSW9|unreviewed|Hydrogenase
A0A7Y0D1J7|unreviewed|Hydrogenase	A0A7Y0D1J7|unreviewed|Hydrogenase
A0A7Y0DMC1|unreviewed|Formyl	A0A7Y0DMC1|unreviewed|Formyl
A0A7Y0FXK4|unreviewed|Hydrogenase	A0A7Y0FXK4|unreviewed|Hydrogenase
A0A7Y0Z0F0|unreviewed|Formyl	A0A7Y0Z0F0|unreviewed|Formyl
A0A7Y0ZFV5|unreviewed|Formyl	A0A7Y0ZFV5|unreviewed|Formyl
A0A7Y4RRT5|unreviewed|Hydrogenase	A0A7Y4RRT5|unreviewed|Hydrogenase
A0A7Y4Y060|unreviewed|Hydrogenase	A0A7Y4Y060|unreviewed|Hydrogenase
A0A7Y4Z8B7|unreviewed|Formyl	A0A7Y4Z8B7|unreviewed|Formyl
A0A7Y5VFV6|unreviewed|Hydrogenase	A0A7Y5VFV6|unreviewed|Hydrogenase
A0A7Y5XPE0|unreviewed|Formyl	A0A7Y5XPE0|unreviewed|Formyl
A0A7Y6L5B9|unreviewed|Hydrogenase	A0A7Y6L5B9|unreviewed|Hydrogenase
A0A7Y6L5B9|unreviewed|Hydrogenase	A0A1X7F5N1|unreviewed|Putative
A0A7Y6L5B9|unreviewed|Hydrogenase	A0AAE7CJ38|unreviewed|Hydrogenase
A0A7Y6M7Z0|unreviewed|Formyl	A0A7Y6M7Z0|unreviewed|Formyl
A0A7Y6M7Z0|unreviewed|Formyl	A0A7Y6I890|unreviewed|Formyl
A0A7Y6YXG1|unreviewed|Hydrogenase	A0A7Y6YXG1|unreviewed|Hydrogenase
A0A7Y7B0A5|unreviewed|Hydrogenase	A0A7Y7B0A5|unreviewed|Hydrogenase
A0A7Y7LQQ4|unreviewed|Formyl	A0A7Y7LQQ4|unreviewed|Formyl
A0A285P0V8|unreviewed|Putative	A0A285P0V8|unreviewed|Putative
A0A285PI89|unreviewed|Putative	A0A285PI89|unreviewed|Putative
A0A286ASY7|unreviewed|Formyl	A0A286ASY7|unreviewed|Formyl
A0A2A4RXW1|unreviewed|Hydrogenase	A0A2A4RXW1|unreviewed|Hydrogenase
A0A2A4RXW1|unreviewed|Hydrogenase	A0A2A4W7U7|unreviewed|Hydrogenase
A0A2A4UHP6|unreviewed|Hydrogenase	A0A2A4UHP6|unreviewed|Hydrogenase
A0A2A5F158|unreviewed|Hydrogenase	A0A2A5F158|unreviewed|Hydrogenase
A0A2A5HX08|unreviewed|Hydrogenase	A0A2A5HX08|unreviewed|Hydrogenase
A0A2A5JC45|unreviewed|HoxX|taxID:334542	A0A2A5JC45|unreviewed|HoxX|taxID:334542
A0A2A5JC45|unreviewed|HoxX|taxID:334542	A0A5N5E3G3|unreviewed|HoxX|taxID:1833
A0A2A5JC45|unreviewed|HoxX|taxID:334542	A0A8I1DAL5|unreviewed|HoxX|taxID:1833
A0A2A5JC45|unreviewed|HoxX|taxID:334542	A0AAQ0RAH1|unreviewed|Formyl
A0A2A5JC45|unreviewed|HoxX|taxID:334542	A0AAW6LE07|unreviewed|HoxX|taxID:334542
A0A2A5JC45|unreviewed|HoxX|taxID:334542	A0AAX3UXM3|unreviewed|HoxX|taxID:1833
A0A2A5JC45|unreviewed|HoxX|taxID:334542	A0AB38RKU3|unreviewed|HoxX|taxID:1303681
A0A2A5JC45|unreviewed|HoxX|taxID:334542	C0ZZK3|unreviewed|HoxX-like
A0A2B8ASQ9|unreviewed|Formyl	A0A2B8ASQ9|unreviewed|Formyl
A0A2C9EP93|unreviewed|Hydrogenase	A0A2C9EP93|unreviewed|Hydrogenase
A0A2C9EP93|unreviewed|Hydrogenase	A0A1H4MHT5|unreviewed|Putative
A0A2C9EP93|unreviewed|Hydrogenase	A0A2T6GGU0|unreviewed|Formyl
A0A2C9EP93|unreviewed|Hydrogenase	A0A2W0FIV2|unreviewed|Formyl
A0A2C9EP93|unreviewed|Hydrogenase	A0A6G7A334|unreviewed|Formyl
A0A2C9EP93|unreviewed|Hydrogenase	A0A7G7XAB8|unreviewed|Formyl
A0A2C9EP93|unreviewed|Hydrogenase	A0A7V8F011|unreviewed|Formyl
A0A2C9EP93|unreviewed|Hydrogenase	A0A7X1FK91|unreviewed|Formyl
A0A2C9EP93|unreviewed|Hydrogenase	A0A7X1PQU6|unreviewed|Formyl
A0A2C9EP93|unreviewed|Hydrogenase	A0A7Y1GHC3|unreviewed|Formyl
A0A2C9EP93|unreviewed|Hydrogenase	A0A9Q6N607|unreviewed|Formyl
A0A2C9EP93|unreviewed|Hydrogenase	A0A9Q7R730|unreviewed|Two-component
A0A2C9EP93|unreviewed|Hydrogenase	A0A9X1YPP0|unreviewed|Formyl
A0A2C9EP93|unreviewed|Hydrogenase	A0AA92BQL2|unreviewed|Formyl
A0A2C9EP93|unreviewed|Hydrogenase	A0AAD1BBY0|unreviewed|Formyl
A0A2C9EP93|unreviewed|Hydrogenase	A0AAU7WMD6|unreviewed|Formyl
A0A2C9EP93|unreviewed|Hydrogenase	Q4KAG1|unreviewed|Formyl
A0A2D0I7Z8|unreviewed|Hydrogenase|taxID:2027917	A0A2D0I7Z8|unreviewed|Hydrogenase|taxID:2027917
A0A2E2KLU0|unreviewed|Hydrogenase	A0A2E2KLU0|unreviewed|Hydrogenase
A0A2E3SNW9|unreviewed|Hydrogenase	A0A2E3SNW9|unreviewed|Hydrogenase
A0A2E6RIH8|unreviewed|Hydrogenase	A0A2E6RIH8|unreviewed|Hydrogenase
A0A2G0YG87|unreviewed|Formyl	A0A2G0YG87|unreviewed|Formyl
A0A2G1XNZ8|unreviewed|Hydrogenase	A0A2G1XNZ8|unreviewed|Hydrogenase
A0A2G2K3H6|unreviewed|Hydrogenase	A0A2G2K3H6|unreviewed|Hydrogenase
A0A2G5IUQ2|unreviewed|Hydrogenase	A0A2G5IUQ2|unreviewed|Hydrogenase
A0A2H0J4S8|unreviewed|Formyl	A0A2H0J4S8|unreviewed|Formyl
A0A2H5B435|unreviewed|Hydrogenase	A0A2H5B435|unreviewed|Hydrogenase
A0A2H5E039|unreviewed|Formyl	A0A2H5E039|unreviewed|Formyl
A0A2K1PY46|unreviewed|Formyl	A0A2K1PY46|unreviewed|Formyl
A0A2K8PMZ4|unreviewed|Methionyl-tRNA	A0A2K8PMZ4|unreviewed|Methionyl-tRNA
A0A2L0N3L7|unreviewed|Hydrogenase	A0A2L0N3L7|unreviewed|Hydrogenase
A0A2L0N9P9|unreviewed|Hydrogenase	A0A2L0N9P9|unreviewed|Hydrogenase
A0A2M7FMI6|unreviewed|Formyl	A0A2M7FMI6|unreviewed|Formyl
A0A2M7FMI6|unreviewed|Formyl	A0A2M8E7I4|unreviewed|Formyl
A0A2M7MRA0|unreviewed|Formyl	A0A2M7MRA0|unreviewed|Formyl
A0A2M8BMP4|unreviewed|Hydrogenase	A0A2M8BMP4|unreviewed|Hydrogenase
A0A2M8BMP4|unreviewed|Hydrogenase	A0A1J5C751|unreviewed|Hydrogenase
A0A2M8R6H9|unreviewed|Hydrogenase	A0A2M8R6H9|unreviewed|Hydrogenase
A0A2M9IDU6|unreviewed|Formyl	A0A2M9IDU6|unreviewed|Formyl
A0A2M9JYP5|unreviewed|Hydrogenase	A0A2M9JYP5|unreviewed|Hydrogenase
A0A2M9KHX0|unreviewed|Hydrogenase	A0A2M9KHX0|unreviewed|Hydrogenase
A0A2M9KHX0|unreviewed|Hydrogenase	A0A0G3UEH1|unreviewed|Hydrogenase
A0A2M9KHX0|unreviewed|Hydrogenase	A0A3G4VND9|unreviewed|Methionyl-tRNA
A0A2N1J088|unreviewed|Hydrogenase|taxID:197482	A0A2N1J088|unreviewed|Hydrogenase|taxID:197482
A0A2N1Y1U1|unreviewed|Hydrogenase	A0A2N1Y1U1|unreviewed|Hydrogenase
A0A2N1Y1U1|unreviewed|Hydrogenase	A0A2N1XEV2|unreviewed|Hydrogenase
A0A2N2QXC6|unreviewed|Hydrogenase	A0A2N2QXC6|unreviewed|Hydrogenase
A0A2N2T173|unreviewed|Hydrogenase	A0A2N2T173|unreviewed|Hydrogenase
A0A2N2TMJ6|unreviewed|Hydrogenase	A0A2N2TMJ6|unreviewed|Hydrogenase
A0A2N2V9G1|unreviewed|Hydrogenase	A0A2N2V9G1|unreviewed|Hydrogenase
A0A2N2VDZ0|unreviewed|Hydrogenase	A0A2N2VDZ0|unreviewed|Hydrogenase
A0A2N6BMF6|unreviewed|Hydrogenase	A0A2N6BMF6|unreviewed|Hydrogenase
A0A2N6CTA9|unreviewed|Hydrogenase	A0A2N6CTA9|unreviewed|Hydrogenase
A0A2N6GGA7|unreviewed|Hydrogenase	A0A2N6GGA7|unreviewed|Hydrogenase
A0A2P5KAE7|unreviewed|Formyl	A0A2P5KAE7|unreviewed|Formyl
A0A2P5KAE7|unreviewed|Formyl	E5AVE9|unreviewed|Formyl
A0A2P7NYR9|unreviewed|Hydrogenase	A0A2P7NYR9|unreviewed|Hydrogenase
A0A2P8LEI6|unreviewed|Formyl	A0A2P8LEI6|unreviewed|Formyl
A0A2P9EWD8|unreviewed|Methionyl-tRNA	A0A2P9EWD8|unreviewed|Methionyl-tRNA
A0A2S0QUY9|unreviewed|Hydrogenase	A0A2S0QUY9|unreviewed|Hydrogenase
A0A2S0QUY9|unreviewed|Hydrogenase	A0A2K9L6Y8|unreviewed|Hydrogenase
A0A2S1SM82|unreviewed|Formyl	A0A2S1SM82|unreviewed|Formyl
A0A2S4YFD6|unreviewed|Formyl	A0A2S4YFD6|unreviewed|Formyl
A0A2S4Z230|unreviewed|Hydrogenase	A0A2S4Z230|unreviewed|Hydrogenase
A0A2T0KPU1|unreviewed|Formyl	A0A2T0KPU1|unreviewed|Formyl
A0A2T0N243|unreviewed|Formyl	A0A2T0N243|unreviewed|Formyl
A0A2T0N243|unreviewed|Formyl	A0A1H6EXT3|unreviewed|Formyl
A0A2T0N243|unreviewed|Formyl	A0A1U9ZXL8|unreviewed|Formyl
A0A2T0S3V3|unreviewed|Formyl	A0A2T0S3V3|unreviewed|Formyl
A0A2T4IJ54|unreviewed|Hydrogenase	A0A2T4IJ54|unreviewed|Hydrogenase
A0A124HCS8|unreviewed|Formyl	A0A124HCS8|unreviewed|Formyl
A0A133XE38|unreviewed|Hydrogenase	A0A133XE38|unreviewed|Hydrogenase
A0A137SLW9|unreviewed|Hydrogenase	A0A137SLW9|unreviewed|Hydrogenase
A0A139WQL7|unreviewed|Formyl	A0A139WQL7|unreviewed|Formyl
A0A143BU32|unreviewed|Formyl	A0A143BU32|unreviewed|Formyl
A0A143BU32|unreviewed|Formyl	A0A0M2GKK4|unreviewed|Formyl
A0A143BU32|unreviewed|Formyl	A0A286CA75|unreviewed|Putative
A0A143BU32|unreviewed|Formyl	A0A2N8TIG9|unreviewed|Formyl
A0A143BU32|unreviewed|Formyl	A0A2T4N9H1|unreviewed|Formyl
A0A143BU32|unreviewed|Formyl	A0A6G3CC53|unreviewed|Hydrogenase
A0A143BU32|unreviewed|Formyl	A0A6G3XXM9|unreviewed|Formyl
A0A143BU32|unreviewed|Formyl	A0A6G5R8Y9|unreviewed|Hydrogenase
A0A143BU32|unreviewed|Formyl	A0A7G1NMW8|unreviewed|Hydrogenase
A0A143BU32|unreviewed|Formyl	A0A7W7DUW5|unreviewed|Hydrogenase
A0A143BU32|unreviewed|Formyl	A0A7W9WJS5|unreviewed|Formyl
A0A143BU32|unreviewed|Formyl	A0A7X0GMU1|unreviewed|Hydrogenase
A0A143BU32|unreviewed|Formyl	A0AA89Q223|unreviewed|Hydrogenase
A0A150U920|unreviewed|Hydrogenase	A0A150U920|unreviewed|Hydrogenase
A0A150U920|unreviewed|Hydrogenase	A0A061M6N7|unreviewed|Probable
A0A150U920|unreviewed|Hydrogenase	A0A2A6PWF1|unreviewed|Hydrogenase
A0A150U920|unreviewed|Hydrogenase	A0A4Q0RUQ9|unreviewed|Hydrogenase
A0A150U920|unreviewed|Hydrogenase	A0A4Y9LJ13|unreviewed|Hydrogenase
A0A150U920|unreviewed|Hydrogenase	A0A4Y9P615|unreviewed|Hydrogenase
A0A150U920|unreviewed|Hydrogenase	A0A5E8VKY8|unreviewed|Hydrogenase
A0A150U920|unreviewed|Hydrogenase	A0AAE9N8G7|unreviewed|Hydrogenase
A0A163CLE9|unreviewed|Hydrogenase	A0A163CLE9|unreviewed|Hydrogenase
A0A170RZ99|unreviewed|Formyltransferase|taxID:39478	A0A170RZ99|unreviewed|Formyltransferase|taxID:39478
A0A178MQ88|unreviewed|Hydrogenase	A0A178MQ88|unreviewed|Hydrogenase
A0A179BGR6|unreviewed|Formyl	A0A179BGR6|unreviewed|Formyl
A0A179BGR6|unreviewed|Formyl	A0A154I8F4|unreviewed|Formyl
A0A179BGR6|unreviewed|Formyl	A0A1B1CMW3|unreviewed|Formyl
A0A179BGR6|unreviewed|Formyl	A0A2K9ZHW1|unreviewed|Formyl
A0A179BGR6|unreviewed|Formyl	Q57217|unreviewed|Formyl
A0A1A0JK02|unreviewed|Formyl	A0A1A0JK02|unreviewed|Formyl
A0A1A0JK02|unreviewed|Formyl	A0A231HAX7|unreviewed|4-chlorobenzoyl
A0A1A0JK02|unreviewed|Formyl	A0A2S6ADQ9|unreviewed|Hydrogenase
A0A1A0JK02|unreviewed|Formyl	A0A2T2ZA48|unreviewed|Hydrogenase
A0A1A0JK02|unreviewed|Formyl	A0A2T2ZGT8|unreviewed|Hydrogenase
A0A1A0JK02|unreviewed|Formyl	A0A378WVJ1|unreviewed|4-chlorobenzoyl
A0A1A8XLS9|unreviewed|Hydrogenase	A0A1A8XLS9|unreviewed|Hydrogenase
A0A1A9BVV1|unreviewed|Formyl	A0A1A9BVV1|unreviewed|Formyl
A0A1B1B1C6|unreviewed|Formyl	A0A1B1B1C6|unreviewed|Formyl
A0A1B3LJY1|unreviewed|Formyl	A0A1B3LJY1|unreviewed|Formyl
A0A1B4XG81|unreviewed|Hydrogenase	A0A1B4XG81|unreviewed|Hydrogenase
A0A1B5CVD7|unreviewed|4-chlorobenzoyl	A0A1B5CVD7|unreviewed|4-chlorobenzoyl
A0A1B5CVD7|unreviewed|4-chlorobenzoyl	A0A1H2EAE6|unreviewed|Formyl
A0A1B5CVD7|unreviewed|4-chlorobenzoyl	A0A2L0RWF1|unreviewed|Formyl
A0A1B5CVD7|unreviewed|4-chlorobenzoyl	A0A2N1E1N0|unreviewed|Formyl
A0A1B5CVD7|unreviewed|4-chlorobenzoyl	A0A4U3I5I8|unreviewed|Formyl
A0A1B5CVD7|unreviewed|4-chlorobenzoyl	A0A4V2DXT7|unreviewed|Formyl
A0A1B5CVD7|unreviewed|4-chlorobenzoyl	A0AAE2PV22|unreviewed|Formyl
A0A1C2G168|unreviewed|Hydrogenase	A0A1C2G168|unreviewed|Hydrogenase
A0A1C3P224|unreviewed|Formyl	A0A1C3P224|unreviewed|Formyl
A0A1C6LX00|unreviewed|Formyl	A0A1C6LX00|unreviewed|Formyl
A0A1C6MTT5|unreviewed|Methionyl-tRNA	A0A1C6MTT5|unreviewed|Methionyl-tRNA
A0A1C6MTT5|unreviewed|Methionyl-tRNA	A0A0P4R5U1|unreviewed|NiFe-hydrogenase
A0A1C6MTT5|unreviewed|Methionyl-tRNA	A0A3Q9K2K1|unreviewed|Hydrogenase
A0A1C6MTT5|unreviewed|Methionyl-tRNA	A0A640TU19|unreviewed|Hydrogenase
A0A1C6MTT5|unreviewed|Methionyl-tRNA	A0A6G7T4H3|unreviewed|Hydrogenase
A0A1C6QIB6|unreviewed|Formyl	A0A1C6QIB6|unreviewed|Formyl
A0A1D7VKK2|unreviewed|Hydrogenase	A0A1D7VKK2|unreviewed|Hydrogenase
A0A1D7YM17|unreviewed|Hydrogenase	A0A1D7YM17|unreviewed|Hydrogenase
A0A1E2UUS1|unreviewed|Hydrogenase	A0A1E2UUS1|unreviewed|Hydrogenase
A0A1E2UUS1|unreviewed|Hydrogenase	A0A421K7P3|unreviewed|Hydrogenase
A0A1E2UUS1|unreviewed|Hydrogenase	A0A9E4K3V3|unreviewed|Hydrogenase
A0A1E4IU31|unreviewed|Formyl	A0A1E4IU31|unreviewed|Formyl
A0A1E5G3A4|unreviewed|Formyl	A0A1E5G3A4|unreviewed|Formyl
A0A1E5L572|unreviewed|Hydrogenase	A0A1E5L572|unreviewed|Hydrogenase
A0A1E5PG55|unreviewed|Hydrogenase	A0A1E5PG55|unreviewed|Hydrogenase
A0A1E5PZN7|unreviewed|Hydrogenase	A0A1E5PZN7|unreviewed|Hydrogenase
A0A1E5Q502|unreviewed|Hydrogenase	A0A1E5Q502|unreviewed|Hydrogenase
A0A1E7JGW7|unreviewed|Formyl	A0A1E7JGW7|unreviewed|Formyl
A0A1E7JMN9|unreviewed|Hydrogenase	A0A1E7JMN9|unreviewed|Hydrogenase
A0A1E7K6C1|unreviewed|Hydrogenase	A0A1E7K6C1|unreviewed|Hydrogenase
A0A1E7K6C1|unreviewed|Hydrogenase	A0A1H9TI40|unreviewed|Hydrogenase
A0A1E7K6C1|unreviewed|Hydrogenase	A0A8T4HV18|unreviewed|Hydrogenase
A0A1E7NG68|unreviewed|Hydrogenase	A0A1E7NG68|unreviewed|Hydrogenase
A0A1F3WTJ4|unreviewed|Hydrogenase	A0A1F3WTJ4|unreviewed|Hydrogenase
A0A1F4KEL7|unreviewed|Hydrogenase	A0A1F4KEL7|unreviewed|Hydrogenase
A0A1F4M5Z4|unreviewed|Hydrogenase	A0A1F4M5Z4|unreviewed|Hydrogenase
A0A1F6TSB9|unreviewed|Hydrogenase	A0A1F6TSB9|unreviewed|Hydrogenase
A0A1G0BZ36|unreviewed|Hydrogenase	A0A1G0BZ36|unreviewed|Hydrogenase
A0A1G0CPW0|unreviewed|Hydrogenase	A0A1G0CPW0|unreviewed|Hydrogenase
A0A1G0D8D3|unreviewed|Hydrogenase	A0A1G0D8D3|unreviewed|Hydrogenase
A0A1G0DLB5|unreviewed|Hydrogenase	A0A1G0DLB5|unreviewed|Hydrogenase
A0A1G3H791|unreviewed|Hydrogenase	A0A1G3H791|unreviewed|Hydrogenase
A0A1G3HHU2|unreviewed|Hydrogenase	A0A1G3HHU2|unreviewed|Hydrogenase
A0A1G3HHU2|unreviewed|Hydrogenase	A0A1G3HBX0|unreviewed|Hydrogenase
A0A1G3TDZ5|unreviewed|Hydrogenase|taxID:1802253	A0A1G3TDZ5|unreviewed|Hydrogenase|taxID:1802253
A0A1G3TFX7|unreviewed|Hydrogenase|taxID:1802253	A0A1G3TFX7|unreviewed|Hydrogenase|taxID:1802253
A0A1G3TLN7|unreviewed|Hydrogenase|taxID:1802256	A0A1G3TLN7|unreviewed|Hydrogenase|taxID:1802256
A0A1G3UGJ2|unreviewed|Hydrogenase|taxID:1802261	A0A1G3UGJ2|unreviewed|Hydrogenase|taxID:1802261
A0A1G5QHD5|unreviewed|Putative	A0A1G5QHD5|unreviewed|Putative
A0A1G7VBS3|unreviewed|Formyl	A0A1G7VBS3|unreviewed|Formyl
A0A1G8FJ12|unreviewed|Formyl	A0A1G8FJ12|unreviewed|Formyl
A0A1G8JJX4|unreviewed|Formyl	A0A1G8JJX4|unreviewed|Formyl
A0A1G8Y1V0|unreviewed|Formyl	A0A1G8Y1V0|unreviewed|Formyl
A0A1G9EPG7|unreviewed|Putative	A0A1G9EPG7|unreviewed|Putative
A0A1G9ZFY9|unreviewed|Putative	A0A1G9ZFY9|unreviewed|Putative
A0A1H0ARR6|unreviewed|Formyl	A0A1H0ARR6|unreviewed|Formyl
A0A1H1YXC4|unreviewed|Putative	A0A1H1YXC4|unreviewed|Putative
A0A1H1YXC4|unreviewed|Putative	A0A0N0E1N1|unreviewed|Methionyl-tRNA
A0A1H1YXC4|unreviewed|Putative	A0A1H6NY53|unreviewed|Putative
A0A1H1YXC4|unreviewed|Putative	A0A9E6PR18|unreviewed|Formyl
A0A1H3P3L7|unreviewed|Putative	A0A1H3P3L7|unreviewed|Putative
A0A1H4NWF6|unreviewed|Methionyl-tRNA	A0A1H4NWF6|unreviewed|Methionyl-tRNA
A0A1H4NWF6|unreviewed|Methionyl-tRNA	A0A1K2FKA7|unreviewed|Methionyl-tRNA
A0A1H4NWF6|unreviewed|Methionyl-tRNA	A0A5C6IY21|unreviewed|Hydrogenase
A0A1H4NWF6|unreviewed|Methionyl-tRNA	A0A7D5ZPF6|unreviewed|Hydrogenase
A0A1H4R4M3|unreviewed|Formyl	A0A1H4R4M3|unreviewed|Formyl
A0A1H4R4M3|unreviewed|Formyl	A0A1Q5KG97|unreviewed|Formyl
A0A1H4R4M3|unreviewed|Formyl	A0A3N1ILE1|unreviewed|Formyl
A0A1H4TZQ6|unreviewed|Formyl	A0A1H4TZQ6|unreviewed|Formyl
A0A1H5PSK3|unreviewed|Putative	A0A1H5PSK3|unreviewed|Putative
A0A1H5UIC6|unreviewed|Putative	A0A1H5UIC6|unreviewed|Putative
A0A1H5VSG4|unreviewed|Formyl	A0A1H5VSG4|unreviewed|Formyl
A0A1H7A2X2|unreviewed|Putative	A0A1H7A2X2|unreviewed|Putative
A0A1H7IR88|unreviewed|Formyl	A0A1H7IR88|unreviewed|Formyl
A0A1H7NFP7|unreviewed|Formyl	A0A1H7NFP7|unreviewed|Formyl
A0A1H7XEX6|unreviewed|Putative	A0A1H7XEX6|unreviewed|Putative
B6BMU8|unreviewed|Hydrogenase	B6BMU8|unreviewed|Hydrogenase
C7RMQ5|unreviewed|Formyl	C7RMQ5|unreviewed|Formyl
C7RMQ5|unreviewed|Formyl	A0A9D8KMA1|unreviewed|Hydrogenase
C9Z3A8|unreviewed|Putative	C9Z3A8|unreviewed|Putative
C9Z3A8|unreviewed|Putative	A0A100JJE2|unreviewed|Enoyl-CoA
D3DKA7|unreviewed|Formyl	D3DKA7|unreviewed|Formyl
D3Q597|unreviewed|Formyl	D3Q597|unreviewed|Formyl
D3SLP7|unreviewed|Formyl	D3SLP7|unreviewed|Formyl
E2Q1J5|unreviewed|Formyl	E2Q1J5|unreviewed|Formyl
E6WYB4|unreviewed|Formyl	E6WYB4|unreviewed|Formyl
F5RGB1|unreviewed|Hydrogenase	F5RGB1|unreviewed|Hydrogenase
F8B299|unreviewed|Formyl	F8B299|unreviewed|Formyl
F8B299|unreviewed|Formyl	A0A1V2IPS2|unreviewed|Formyl
F8GKQ3|unreviewed|Formyl	F8GKQ3|unreviewed|Formyl
F8JM49|unreviewed|Hydrogenase	F8JM49|unreviewed|Hydrogenase
G2GI56|unreviewed|Formyl	G2GI56|unreviewed|Formyl
G6YM95|unreviewed|Formyl	G6YM95|unreviewed|Formyl
G8QKV2|unreviewed|Methionyl-tRNA	G8QKV2|unreviewed|Methionyl-tRNA
G8QKV2|unreviewed|Methionyl-tRNA	A0A2R5EKC7|unreviewed|Hydrogenase
G8QKV2|unreviewed|Methionyl-tRNA	A0A5H2Y9J7|unreviewed|Hydrogenase
G8SIM5|unreviewed|Formyl	G8SIM5|unreviewed|Formyl
H0HX78|unreviewed|Formyl	H0HX78|unreviewed|Formyl
H0HX78|unreviewed|Formyl	A0A6G4WI78|unreviewed|Hydrogenase
H0PT30|unreviewed|Putative	H0PT30|unreviewed|Putative
H5SEZ0|unreviewed|Formyl	H5SEZ0|unreviewed|Formyl
H5SEZ0|unreviewed|Formyl	A0A2Z6DYR7|unreviewed|Hydrogenase
H8GGD8|unreviewed|Methionyl-tRNA	H8GGD8|unreviewed|Methionyl-tRNA
H8GL66|unreviewed|Methionyl-tRNA	H8GL66|unreviewed|Methionyl-tRNA
I0GYY3|unreviewed|Formyl	I0GYY3|unreviewed|Formyl
J2WMV0|unreviewed|Formyl	J2WMV0|unreviewed|Formyl
J3I642|unreviewed|Methionyl-tRNA	J3I642|unreviewed|Methionyl-tRNA
K4QWV2|unreviewed|Formyl	K4QWV2|unreviewed|Formyl
L0DVH8|unreviewed|Hydrogenase	L0DVH8|unreviewed|Hydrogenase
L8P3K7|unreviewed|Formyl	L8P3K7|unreviewed|Formyl
L8P3K7|unreviewed|Formyl	A0A124GZS7|unreviewed|Formyl
L8P6F0|unreviewed|Formyl	L8P6F0|unreviewed|Formyl
M2Y6F4|unreviewed|Sensor	M2Y6F4|unreviewed|Sensor
M3F7T5|unreviewed|Formyltransferase|taxID:1054862	M3F7T5|unreviewed|Formyltransferase|taxID:1054862
M3F7T5|unreviewed|Formyltransferase|taxID:1054862	A0A7K3E5G6|unreviewed|Hydrogenase
M3F7T5|unreviewed|Formyltransferase|taxID:1054862	A0A8I0P1R2|unreviewed|Hydrogenase
M7N132|unreviewed|Methionyl-tRNA	M7N132|unreviewed|Methionyl-tRNA
N0ASG6|unreviewed|Formyl	N0ASG6|unreviewed|Formyl
N0B9X6|unreviewed|Formyl	N0B9X6|unreviewed|Formyl
O67224|unreviewed|Hydrogenase	O67224|unreviewed|Hydrogenase
Q0A732|unreviewed|Formyl	Q0A732|unreviewed|Formyl
Q21NE0|unreviewed|Formyl	Q21NE0|unreviewed|Formyl
Q21NE0|unreviewed|Formyl	A0AAW7X645|unreviewed|Formyl
Q21R04|unreviewed|Formyl	Q21R04|unreviewed|Formyl
Q21R04|unreviewed|Formyl	A0A1G3IDS9|unreviewed|Hydrogenase
Q30QM9|unreviewed|(NiFe)-hydrogenase	Q30QM9|unreviewed|(NiFe)-hydrogenase
Q478P1|unreviewed|Enoyl-CoA	Q478P1|unreviewed|Enoyl-CoA
Q79IP8|unreviewed|Formyl	Q79IP8|unreviewed|Formyl
Q79IP8|unreviewed|Formyl	Q44027|unreviewed|HoxX|taxID:106590
Q7NQJ5|unreviewed|HoxX-like	Q7NQJ5|unreviewed|HoxX-like
Q7NQJ5|unreviewed|HoxX-like	A0A1D9LJV8|unreviewed|Formyl
Q7NQJ5|unreviewed|HoxX-like	A0A202BG06|unreviewed|Formyl
R4L542|unreviewed|Formyl	R4L542|unreviewed|Formyl
S3BWI0|unreviewed|Formyl	S3BWI0|unreviewed|Formyl
S3BWI0|unreviewed|Formyl	A0A8H1LIH9|unreviewed|Formyl
S5UKZ9|unreviewed|Formyl	S5UKZ9|unreviewed|Formyl
U5VUM2|unreviewed|Formyl	U5VUM2|unreviewed|Formyl
V5E0R9|unreviewed|Hydrogenase	V5E0R9|unreviewed|Hydrogenase
V6JIB8|unreviewed|Formyl	V6JIB8|unreviewed|Formyl
V6JIB8|unreviewed|Formyl	A0A1R0LBF7|unreviewed|Formyl
W0DCS1|unreviewed|Formyl	W0DCS1|unreviewed|Formyl
W0DHL3|unreviewed|Formyl	W0DHL3|unreviewed|Formyl
W0SFL1|unreviewed|Formyl	W0SFL1|unreviewed|Formyl
W5TIN0|unreviewed|Putative	W5TIN0|unreviewed|Putative
W6KD93|unreviewed|Hydrogenase	W6KD93|unreviewed|Hydrogenase
X6G7I5|unreviewed|Hydrogenase	X6G7I5|unreviewed|Hydrogenase
X6G7I5|unreviewed|Hydrogenase	A0A2W7C1Q0|unreviewed|Hydrogenase
X6G7I5|unreviewed|Hydrogenase	A0A562MM39|unreviewed|Putative
X6G7I5|unreviewed|Hydrogenase	X5PYK7|unreviewed|Hydrogenase
A0A919VVS5|unreviewed|Formyl	A0A919VVS5|unreviewed|Formyl
A0A922VZP3|unreviewed|Hydrogenase	A0A922VZP3|unreviewed|Hydrogenase
A0A922VZP3|unreviewed|Hydrogenase	A0A1Q3VQR7|unreviewed|Hydrogenase
A0A927IC03|unreviewed|Hydrogenase	A0A927IC03|unreviewed|Hydrogenase
A0A929IC77|unreviewed|Hydrogenase	A0A929IC77|unreviewed|Hydrogenase
A0A930BQL0|unreviewed|Hydrogenase	A0A930BQL0|unreviewed|Hydrogenase
A0A931CEV0|unreviewed|Formyl	A0A931CEV0|unreviewed|Formyl
A0A931F4W3|unreviewed|Formyl	A0A931F4W3|unreviewed|Formyl
A0A931FFV5|unreviewed|Hydrogenase	A0A931FFV5|unreviewed|Hydrogenase
A0A931G2E6|unreviewed|Formyl	A0A931G2E6|unreviewed|Formyl
A0A932BBC7|unreviewed|Formyl	A0A932BBC7|unreviewed|Formyl
A0A932BBC7|unreviewed|Formyl	A0A3A4RAH0|unreviewed|Formyl
A0A932L2N3|unreviewed|Hydrogenase	A0A932L2N3|unreviewed|Hydrogenase
A0A933HVP5|unreviewed|Hydrogenase	A0A933HVP5|unreviewed|Hydrogenase
A0A933JFM2|unreviewed|Hydrogenase	A0A933JFM2|unreviewed|Hydrogenase
A0A933PL08|unreviewed|Hydrogenase	A0A933PL08|unreviewed|Hydrogenase
A0A933SRF5|unreviewed|Hydrogenase	A0A933SRF5|unreviewed|Hydrogenase
A0A933V4F7|unreviewed|Hydrogenase	A0A933V4F7|unreviewed|Hydrogenase
A0A933V6N2|unreviewed|Hydrogenase	A0A933V6N2|unreviewed|Hydrogenase
A0A933WTC7|unreviewed|Formyl	A0A933WTC7|unreviewed|Formyl
A0A934BQC6|unreviewed|Hydrogenase	A0A934BQC6|unreviewed|Hydrogenase
A0A934FC18|unreviewed|Hydrogenase	A0A934FC18|unreviewed|Hydrogenase
A0A934GN63|unreviewed|Hydrogenase	A0A934GN63|unreviewed|Hydrogenase
A0A934L9U7|unreviewed|Hydrogenase	A0A934L9U7|unreviewed|Hydrogenase
A0A934MXU2|unreviewed|Methionyl-tRNA	A0A934MXU2|unreviewed|Methionyl-tRNA
A0A935A7V5|unreviewed|Hydrogenase	A0A935A7V5|unreviewed|Hydrogenase
A0A935EN50|unreviewed|Hydrogenase	A0A935EN50|unreviewed|Hydrogenase
A0A935ERK2|unreviewed|Hydrogenase	A0A935ERK2|unreviewed|Hydrogenase
A0A935MG58|unreviewed|Hydrogenase	A0A935MG58|unreviewed|Hydrogenase
A0A935N246|unreviewed|Hydrogenase	A0A935N246|unreviewed|Hydrogenase
A0A935NMY6|unreviewed|Hydrogenase	A0A935NMY6|unreviewed|Hydrogenase
A0A935NMY6|unreviewed|Hydrogenase	A0A975HU33|unreviewed|Hydrogenase
A0A935PVF0|unreviewed|Hydrogenase	A0A935PVF0|unreviewed|Hydrogenase
A0A935R836|unreviewed|Hydrogenase	A0A935R836|unreviewed|Hydrogenase
A0A935T949|unreviewed|Hydrogenase	A0A935T949|unreviewed|Hydrogenase
A0A935TYF5|unreviewed|Hydrogenase	A0A935TYF5|unreviewed|Hydrogenase
A0A935UFJ5|unreviewed|Hydrogenase	A0A935UFJ5|unreviewed|Hydrogenase
A0A936E8Y9|unreviewed|Formyl	A0A936E8Y9|unreviewed|Formyl
A0A936GNY7|unreviewed|Hydrogenase	A0A936GNY7|unreviewed|Hydrogenase
A0A936GRE6|unreviewed|Hydrogenase	A0A936GRE6|unreviewed|Hydrogenase
A0A936KE38|unreviewed|Hydrogenase	A0A936KE38|unreviewed|Hydrogenase
A0A936LIK7|unreviewed|Hydrogenase	A0A936LIK7|unreviewed|Hydrogenase
A0A937JPJ7|unreviewed|Formyl	A0A937JPJ7|unreviewed|Formyl
A0A937MB60|unreviewed|Hydrogenase	A0A937MB60|unreviewed|Hydrogenase
A0A937MCA9|unreviewed|Hydrogenase	A0A937MCA9|unreviewed|Hydrogenase
A0A938PGD7|unreviewed|Hydrogenase	A0A938PGD7|unreviewed|Hydrogenase
A0A939FTJ0|unreviewed|Hydrogenase	A0A939FTJ0|unreviewed|Hydrogenase
A0A939I1Z2|unreviewed|Hydrogenase	A0A939I1Z2|unreviewed|Hydrogenase
A0A939SWI9|unreviewed|Formyl	A0A939SWI9|unreviewed|Formyl
A0A940KVU6|unreviewed|Hydrogenase	A0A940KVU6|unreviewed|Hydrogenase
A0A940XKQ9|unreviewed|Hydrogenase	A0A940XKQ9|unreviewed|Hydrogenase
A0A941BLY5|unreviewed|Formyl	A0A941BLY5|unreviewed|Formyl
A0A941BLY5|unreviewed|Formyl	A0A941BHB5|unreviewed|Formyl
A0A941EE28|unreviewed|Formyl	A0A941EE28|unreviewed|Formyl
A0A941ESJ5|unreviewed|Formyl	A0A941ESJ5|unreviewed|Formyl
A0A941J5H1|unreviewed|Hydrogenase	A0A941J5H1|unreviewed|Hydrogenase
A0A941J5H1|unreviewed|Hydrogenase	D9X958|unreviewed|Hydrogenase
A0A941SD00|unreviewed|Hydrogenase	A0A941SD00|unreviewed|Hydrogenase
A0A941SD00|unreviewed|Hydrogenase	A0A7S6MRD1|unreviewed|Hydrogenase
A0A942IR08|unreviewed|Formyl	A0A942IR08|unreviewed|Formyl
A0A942IR08|unreviewed|Formyl	A0A1V3SEQ6|unreviewed|Hydrogenase
A0A942IR08|unreviewed|Formyl	A0A350SMB3|unreviewed|Hydrogenase
A0A942PUA2|unreviewed|Hydrogenase	A0A942PUA2|unreviewed|Hydrogenase
A0A944D771|unreviewed|Hydrogenase	A0A944D771|unreviewed|Hydrogenase
A0A944HZX7|unreviewed|Hydrogenase	A0A944HZX7|unreviewed|Hydrogenase
A0A944IXW1|unreviewed|Hydrogenase	A0A944IXW1|unreviewed|Hydrogenase
A0A944K3Y2|unreviewed|Hydrogenase	A0A944K3Y2|unreviewed|Hydrogenase
A0A944MAE9|unreviewed|Hydrogenase	A0A944MAE9|unreviewed|Hydrogenase
A0A944MAE9|unreviewed|Hydrogenase	A0A2U0ABC4|unreviewed|Hydrogenase
A0A944MGN2|unreviewed|Hydrogenase	A0A944MGN2|unreviewed|Hydrogenase
A0A944MGN2|unreviewed|Hydrogenase	A0A2T6N1U1|unreviewed|Hydrogenase
A0A944MP22|unreviewed|Formyl	A0A944MP22|unreviewed|Formyl
A0A944PEL5|unreviewed|Hydrogenase	A0A944PEL5|unreviewed|Hydrogenase
A0A944PPZ8|unreviewed|Formyl	A0A944PPZ8|unreviewed|Formyl
A0A944S6X8|unreviewed|Formyl	A0A944S6X8|unreviewed|Formyl
A0A945T606|unreviewed|Formyl	A0A945T606|unreviewed|Formyl
A0A945T606|unreviewed|Formyl	A0A946PNP1|unreviewed|Formyl
A0A945T606|unreviewed|Formyl	A0A946Q8F2|unreviewed|Formyl
A0A945T606|unreviewed|Formyl	A0A9E1N1L4|unreviewed|Formyl
A0A945T606|unreviewed|Formyl	A0A9E1QNA4|unreviewed|Formyl
A0A945T606|unreviewed|Formyl	A0A9E1VM28|unreviewed|Formyl
A0A946DHJ4|unreviewed|Hydrogenase	A0A946DHJ4|unreviewed|Hydrogenase
A0A947UMR2|unreviewed|Hydrogenase	A0A947UMR2|unreviewed|Hydrogenase
A0A947UMR2|unreviewed|Hydrogenase	A0A5C9BMK9|unreviewed|Formyl
A0A948X5U3|unreviewed|Formyl	A0A948X5U3|unreviewed|Formyl
A0A949GRF2|unreviewed|Hydrogenase	A0A949GRF2|unreviewed|Hydrogenase
A0A950A4U7|unreviewed|Formyl	A0A950A4U7|unreviewed|Formyl
A0A950UM22|unreviewed|Formyl	A0A950UM22|unreviewed|Formyl
A0A951CZD7|unreviewed|Hydrogenase	A0A951CZD7|unreviewed|Hydrogenase
A0A951T1A9|unreviewed|Hydrogenase	A0A951T1A9|unreviewed|Hydrogenase
A0A951XPC0|unreviewed|Hydrogenase	A0A951XPC0|unreviewed|Hydrogenase
A0A952YW20|unreviewed|Hydrogenase	A0A952YW20|unreviewed|Hydrogenase
A0A953CWL3|unreviewed|Hydrogenase	A0A953CWL3|unreviewed|Hydrogenase
A0A953CWL3|unreviewed|Hydrogenase	A0A962MHZ9|unreviewed|Hydrogenase
A0A958Y0F8|unreviewed|Hydrogenase	A0A958Y0F8|unreviewed|Hydrogenase
A0A961F427|unreviewed|Hydrogenase	A0A961F427|unreviewed|Hydrogenase
A0A961U8E9|unreviewed|Formyl	A0A961U8E9|unreviewed|Formyl
A0A961U8E9|unreviewed|Formyl	A0A961LZJ9|unreviewed|Formyl
A0A961UHI6|unreviewed|Hydrogenase	A0A961UHI6|unreviewed|Hydrogenase
A0A961W084|unreviewed|Formyl	A0A961W084|unreviewed|Formyl
A0A961YDH4|unreviewed|Hydrogenase	A0A961YDH4|unreviewed|Hydrogenase
A0A961ZFB0|unreviewed|Hydrogenase	A0A961ZFB0|unreviewed|Hydrogenase
A0A961ZUB1|unreviewed|Hydrogenase	A0A961ZUB1|unreviewed|Hydrogenase
A0A962S1Y3|unreviewed|Hydrogenase	A0A962S1Y3|unreviewed|Hydrogenase
A0A962SIH8|unreviewed|Hydrogenase	A0A962SIH8|unreviewed|Hydrogenase
A0A962TXR3|unreviewed|Hydrogenase	A0A962TXR3|unreviewed|Hydrogenase
A0A7Y8CFW0|unreviewed|Formyl	A0A7Y8CFW0|unreviewed|Formyl
A0A7Y8GZ12|unreviewed|Formyl	A0A7Y8GZ12|unreviewed|Formyl
A0A7Y9BQE3|unreviewed|Hydrogenase	A0A7Y9BQE3|unreviewed|Hydrogenase
A0A7Z9XSB1|unreviewed|Hydrogenase	A0A7Z9XSB1|unreviewed|Hydrogenase
A0A807LL91|unreviewed|Formyl	A0A807LL91|unreviewed|Formyl
A0A807LL91|unreviewed|Formyl	A0A7H0MCA0|unreviewed|Hydrogenase
A0A809QYI5|unreviewed|Hydrogenase	A0A809QYI5|unreviewed|Hydrogenase
A0A833D3G1|unreviewed|Hydrogenase	A0A833D3G1|unreviewed|Hydrogenase
A0A833LV78|unreviewed|Formyl	A0A833LV78|unreviewed|Formyl
A0A836SIH5|unreviewed|Formyl	A0A836SIH5|unreviewed|Formyl
A0A840G999|unreviewed|Formyl	A0A840G999|unreviewed|Formyl
A0A840G999|unreviewed|Formyl	A0A433MS76|unreviewed|Formyl
A0A840L6G3|unreviewed|Two-component	A0A840L6G3|unreviewed|Two-component
A0A845UYA3|unreviewed|Hydrogenase	A0A845UYA3|unreviewed|Hydrogenase
A0A846CAX2|unreviewed|Hydrogenase	A0A846CAX2|unreviewed|Hydrogenase
A0A846UZ69|unreviewed|Hydrogenase	A0A846UZ69|unreviewed|Hydrogenase
A0A846Y5Y2|unreviewed|Two-component	A0A846Y5Y2|unreviewed|Two-component
A0A846Y5Y2|unreviewed|Two-component	A0A846XBV6|unreviewed|Two-component
A0A848Z6Q5|unreviewed|Hydrogenase	A0A848Z6Q5|unreviewed|Hydrogenase
A0A849BVS1|unreviewed|Hydrogenase	A0A849BVS1|unreviewed|Hydrogenase
A0A849ISS7|unreviewed|Formyl	A0A849ISS7|unreviewed|Formyl
A0A849J1K4|unreviewed|Hydrogenase	A0A849J1K4|unreviewed|Hydrogenase
A0A849RPB6|unreviewed|Hydrogenase	A0A849RPB6|unreviewed|Hydrogenase
A0A849UCN3|unreviewed|Hydrogenase	A0A849UCN3|unreviewed|Hydrogenase
A0A849V3S3|unreviewed|Hydrogenase	A0A849V3S3|unreviewed|Hydrogenase
A0A849V4S4|unreviewed|Hydrogenase	A0A849V4S4|unreviewed|Hydrogenase
A0A849V5P1|unreviewed|Formyl	A0A849V5P1|unreviewed|Formyl
A0A850DFT1|unreviewed|Formyl	A0A850DFT1|unreviewed|Formyl
A0A850KER6|unreviewed|Formyl	A0A850KER6|unreviewed|Formyl
A0A853IGY1|unreviewed|Hydrogenase	A0A853IGY1|unreviewed|Hydrogenase
A0A8H9D9V4|unreviewed|Hydrogenase	A0A8H9D9V4|unreviewed|Hydrogenase
A0A8H9D9V4|unreviewed|Hydrogenase	A0A1I4R0C0|unreviewed|Putative
A0A8J3B6Q5|unreviewed|Formyl	A0A8J3B6Q5|unreviewed|Formyl
A0A8J3BHH7|unreviewed|Formyl	A0A8J3BHH7|unreviewed|Formyl
A0A8J3CDN3|unreviewed|Hydrogenase	A0A8J3CDN3|unreviewed|Hydrogenase
A0A8J3ND71|unreviewed|Formyl	A0A8J3ND71|unreviewed|Formyl
A0A8J3X2R4|unreviewed|Formyl	A0A8J3X2R4|unreviewed|Formyl
A0A8J3YAM9|unreviewed|Formyl	A0A8J3YAM9|unreviewed|Formyl
A0A8J3YFA1|unreviewed|Formyl	A0A8J3YFA1|unreviewed|Formyl
A0A8J4ABI0|unreviewed|Formyl	A0A8J4ABI0|unreviewed|Formyl
A0A8J4ABI0|unreviewed|Formyl	A0A7R7DQS9|unreviewed|Formyl
A0A8J4ABI0|unreviewed|Formyl	A0A810L2W1|unreviewed|Formyl
A0A8J6TSU6|unreviewed|Hydrogenase	A0A8J6TSU6|unreviewed|Hydrogenase
A0A8J7KNJ0|unreviewed|Formyl	A0A8J7KNJ0|unreviewed|Formyl
A0A916ADM4|unreviewed|Formyl	A0A916ADM4|unreviewed|Formyl
A0A916DBM5|unreviewed|Hydrogenase	A0A916DBM5|unreviewed|Hydrogenase
A0A916DBM5|unreviewed|Hydrogenase	A0AA49IX87|unreviewed|Hydrogenase
A0A916LI98|unreviewed|Methionyl-tRNA	A0A916LI98|unreviewed|Methionyl-tRNA
A0A916LI98|unreviewed|Methionyl-tRNA	A0A656D701|unreviewed|Methionyl-tRNA
A0A916MU09|unreviewed|Hydrogenase	A0A916MU09|unreviewed|Hydrogenase
A0A916N230|unreviewed|Formyl	A0A916N230|unreviewed|Formyl
A0A916N230|unreviewed|Formyl	A0A7V8BJ16|unreviewed|Formyl
A0A917C4R9|unreviewed|Formyl	A0A917C4R9|unreviewed|Formyl
A0A917JUA0|unreviewed|Hydrogenase	A0A917JUA0|unreviewed|Hydrogenase
A0A917KT97|unreviewed|Hydrogenase	A0A917KT97|unreviewed|Hydrogenase
A0A917QCM7|unreviewed|Hydrogenase	A0A917QCM7|unreviewed|Hydrogenase
A0A917RGF2|unreviewed|Formyl	A0A917RGF2|unreviewed|Formyl
A0A917RGF2|unreviewed|Formyl	A0A401MUI3|unreviewed|Formyl
A0A917VP09|unreviewed|Hydrogenase	A0A917VP09|unreviewed|Hydrogenase
A0A917YR95|unreviewed|Formyl	A0A917YR95|unreviewed|Formyl
A0A917ZYR5|unreviewed|Formyl	A0A917ZYR5|unreviewed|Formyl
A0A918CYZ3|unreviewed|Hydrogenase	A0A918CYZ3|unreviewed|Hydrogenase
A0A918E797|unreviewed|Formyl	A0A918E797|unreviewed|Formyl
A0A918FYJ0|unreviewed|Formyl	A0A918FYJ0|unreviewed|Formyl
A0A918HCT3|unreviewed|Hydrogenase	A0A918HCT3|unreviewed|Hydrogenase
A0A918I9J8|unreviewed|Hydrogenase	A0A918I9J8|unreviewed|Hydrogenase
A0A918JF40|unreviewed|Formyl	A0A918JF40|unreviewed|Formyl
A0A918KZK7|unreviewed|Formyl	A0A918KZK7|unreviewed|Formyl
A0A918TZK1|unreviewed|Hydrogenase	A0A918TZK1|unreviewed|Hydrogenase
A0A918Y390|unreviewed|Formyl	A0A918Y390|unreviewed|Formyl
A0A918YIM9|unreviewed|Formyl	A0A918YIM9|unreviewed|Formyl
A0A919AGV5|unreviewed|Formyl	A0A919AGV5|unreviewed|Formyl
A0A919B921|unreviewed|Formyl	A0A919B921|unreviewed|Formyl
A0A919B9D5|unreviewed|Hydrogenase	A0A919B9D5|unreviewed|Hydrogenase
A0A919GLM5|unreviewed|Formyl	A0A919GLM5|unreviewed|Formyl
A0A919IVN5|unreviewed|Formyl	A0A919IVN5|unreviewed|Formyl
A0A919JN98|unreviewed|Formyl	A0A919JN98|unreviewed|Formyl
A0A919JW77|unreviewed|Formyl	A0A919JW77|unreviewed|Formyl
A0A919KE01|unreviewed|Hydrogenase	A0A919KE01|unreviewed|Hydrogenase
A0A919KY40|unreviewed|Hydrogenase	A0A919KY40|unreviewed|Hydrogenase
A0A919L187|unreviewed|Hydrogenase	A0A919L187|unreviewed|Hydrogenase
A0A919LIG2|unreviewed|Formyl	A0A919LIG2|unreviewed|Formyl
A0A919LWA1|unreviewed|Formyl	A0A919LWA1|unreviewed|Formyl
A0A919LZK2|unreviewed|Formyl	A0A919LZK2|unreviewed|Formyl
A0A919TDG3|unreviewed|Formyl	A0A919TDG3|unreviewed|Formyl
A0A919TDG3|unreviewed|Formyl	A0A919NIG9|unreviewed|Formyl
A0A919VEU2|unreviewed|Hydrogenase	A0A919VEU2|unreviewed|Hydrogenase
A0A919VIF5|unreviewed|Formyl	A0A919VIF5|unreviewed|Formyl
A0A4S4B357|unreviewed|Two-component	A0A4S4B357|unreviewed|Two-component
A0A4U0GNT2|unreviewed|Formyl	A0A4U0GNT2|unreviewed|Formyl
A0A4U0P853|unreviewed|Hydrogenase	A0A4U0P853|unreviewed|Hydrogenase
A0A4U0T947|unreviewed|Hydrogenase	A0A4U0T947|unreviewed|Hydrogenase
A0A4U1BIK4|unreviewed|Hydrogenase	A0A4U1BIK4|unreviewed|Hydrogenase
A0A4U8VZK3|unreviewed|4-chlorobenzoyl	A0A4U8VZK3|unreviewed|4-chlorobenzoyl
A0A4U8VZK3|unreviewed|4-chlorobenzoyl	A0A5R8NQ53|unreviewed|Hydrogenase
A0A4U8VZK3|unreviewed|4-chlorobenzoyl	A0A5R8PIA7|unreviewed|Hydrogenase
A0A4U8VZK3|unreviewed|4-chlorobenzoyl	A0A6P1CHF1|unreviewed|Hydrogenase
A0A4U8VZK3|unreviewed|4-chlorobenzoyl	H6R5N2|unreviewed|Formyl
A0A4V6RKD2|unreviewed|Hydrogenase	A0A4V6RKD2|unreviewed|Hydrogenase
A0A4Y3V9F8|unreviewed|Hydrogenase	A0A4Y3V9F8|unreviewed|Hydrogenase
A0A4Y4K1H1|unreviewed|Formyl	A0A4Y4K1H1|unreviewed|Formyl
A0A4Y6S285|unreviewed|Hydrogenase	A0A4Y6S285|unreviewed|Hydrogenase
A0A4Y8YB68|unreviewed|Hydrogenase	A0A4Y8YB68|unreviewed|Hydrogenase
A0A4Z0HDF6|unreviewed|Hydrogenase	A0A4Z0HDF6|unreviewed|Hydrogenase
A0A505D5P6|unreviewed|Formyl	A0A505D5P6|unreviewed|Formyl
A0A510TJJ8|unreviewed|Formyl	A0A510TJJ8|unreviewed|Formyl
A0A511D4I4|unreviewed|Formyl	A0A511D4I4|unreviewed|Formyl
A0A512LB96|unreviewed|Hydrogenase	A0A512LB96|unreviewed|Hydrogenase
A0A518UB72|unreviewed|Hydrogenase	A0A518UB72|unreviewed|Hydrogenase
A0A522LV63|unreviewed|Hydrogenase	A0A522LV63|unreviewed|Hydrogenase
A0A522VFV3|unreviewed|Hydrogenase	A0A522VFV3|unreviewed|Hydrogenase
A0A522X3D5|unreviewed|Formyl	A0A522X3D5|unreviewed|Formyl
A0A523JG27|unreviewed|Formyl	A0A523JG27|unreviewed|Formyl
A0A524BD97|unreviewed|Hydrogenase	A0A524BD97|unreviewed|Hydrogenase
A0A535L9M2|unreviewed|Hydrogenase	A0A535L9M2|unreviewed|Hydrogenase
A0A540WCK8|unreviewed|Hydrogenase	A0A540WCK8|unreviewed|Hydrogenase
A0A542K9C7|unreviewed|Formyl	A0A542K9C7|unreviewed|Formyl
A0A542PY70|unreviewed|Formyl	A0A542PY70|unreviewed|Formyl
A0A542TIH7|unreviewed|Putative	A0A542TIH7|unreviewed|Putative
A0A543AR90|unreviewed|Formyl	A0A543AR90|unreviewed|Formyl
A0A543E0U8|unreviewed|Formyl	A0A543E0U8|unreviewed|Formyl
A0A543FMT9|unreviewed|Formyl	A0A543FMT9|unreviewed|Formyl
A0A544UT58|unreviewed|Hydrogenase	A0A544UT58|unreviewed|Hydrogenase
A0A545AKI8|unreviewed|Formyl	A0A545AKI8|unreviewed|Formyl
A0A545UJF7|unreviewed|Sensor	A0A545UJF7|unreviewed|Sensor
A0A553ZQK9|unreviewed|Hydrogenase	A0A553ZQK9|unreviewed|Hydrogenase
A0A554WLX8|unreviewed|Formyl	A0A554WLX8|unreviewed|Formyl
A0A554X5B1|unreviewed|Putative	A0A554X5B1|unreviewed|Putative
A0A557RUB9|unreviewed|Hydrogenase	A0A557RUB9|unreviewed|Hydrogenase
A0A557RUB9|unreviewed|Hydrogenase	A0A557R2L4|unreviewed|Hydrogenase
A0A558CWB4|unreviewed|Hydrogenase	A0A558CWB4|unreviewed|Hydrogenase
A0A558CWB4|unreviewed|Hydrogenase	A0A557S9W9|unreviewed|Hydrogenase
A0A558D077|unreviewed|Hydrogenase	A0A558D077|unreviewed|Hydrogenase
A0A558D077|unreviewed|Hydrogenase	A0A2N2UIV8|unreviewed|Hydrogenase
A0A558D077|unreviewed|Hydrogenase	A0A2U8GKH1|unreviewed|Hydrogenase
A0A558D077|unreviewed|Hydrogenase	A0A2U8H3U2|unreviewed|Hydrogenase
A0A559U630|unreviewed|Putative	A0A559U630|unreviewed|Putative
A0A559U630|unreviewed|Putative	A0A233RYZ7|unreviewed|Formyl
A0A559U630|unreviewed|Putative	A0A286G6A9|unreviewed|Formyl
A0A560PS57|unreviewed|Putative	A0A560PS57|unreviewed|Putative
A0A560PS57|unreviewed|Putative	A0A3M3EHD5|unreviewed|Formyl
A0A560PS57|unreviewed|Putative	A0A5C4PLJ1|unreviewed|Formyl
A0A560PS57|unreviewed|Putative	A0A7Y5Z135|unreviewed|Formyl
A0A560PS57|unreviewed|Putative	A0AAX2DFR5|unreviewed|Formyl
A0A560ZCG9|unreviewed|Putative	A0A560ZCG9|unreviewed|Putative
A0A560ZCG9|unreviewed|Putative	A0A1H1MBC5|unreviewed|Putative
A0A560ZCG9|unreviewed|Putative	A0A2U2D5W9|unreviewed|Formyl
A0A560ZCG9|unreviewed|Putative	A0A3L8C9R2|unreviewed|Formyl
A0A561ETU0|unreviewed|Formyl	A0A561ETU0|unreviewed|Formyl
A0A561SG93|unreviewed|Putative	A0A561SG93|unreviewed|Putative
A0A561SUJ8|unreviewed|Formyl	A0A561SUJ8|unreviewed|Formyl
A0A562UL32|unreviewed|Formyl	A0A562UL32|unreviewed|Formyl
A0A5B2V5Z3|unreviewed|Formyl	A0A5B2V5Z3|unreviewed|Formyl
A0A5C4VHL1|unreviewed|Formyl	A0A5C4VHL1|unreviewed|Formyl
A0A5C7V1Z5|unreviewed|Hydrogenase	A0A5C7V1Z5|unreviewed|Hydrogenase
A0A5C7VYT4|unreviewed|Hydrogenase	A0A5C7VYT4|unreviewed|Hydrogenase
A0A5C7VYT4|unreviewed|Hydrogenase	A0A1H8LVY3|unreviewed|Putative
A0A5C7VYT4|unreviewed|Hydrogenase	A0A2T5I082|unreviewed|Formyl
A0A5C8QNZ4|unreviewed|Hydrogenase	A0A5C8QNZ4|unreviewed|Hydrogenase
A0A5C8QNZ4|unreviewed|Hydrogenase	A0A6C0Q496|unreviewed|4-chlorobenzoyl
A0A5C8VPN3|unreviewed|Formyl	A0A5C8VPN3|unreviewed|Formyl
A0A5C9B3Q1|unreviewed|HoxX|taxID:1869227	A0A5C9B3Q1|unreviewed|HoxX|taxID:1869227
A0A5C9C9V6|unreviewed|Formyl	A0A5C9C9V6|unreviewed|Formyl
A0A5D0NT24|unreviewed|Formyl	A0A5D0NT24|unreviewed|Formyl
A0A5E7BIP4|unreviewed|Methionyl-tRNA	A0A5E7BIP4|unreviewed|Methionyl-tRNA
A0A5E7BIP4|unreviewed|Methionyl-tRNA	A0A2C5VKF4|unreviewed|Formyl
A0A5E7BIP4|unreviewed|Methionyl-tRNA	A0A2S9B655|unreviewed|Formyl
A0A5E7BIP4|unreviewed|Methionyl-tRNA	A0A423NCR4|unreviewed|Formyl
A0A5E7BIP4|unreviewed|Methionyl-tRNA	A0A423NWE6|unreviewed|Formyl
A0A5E7BIP4|unreviewed|Methionyl-tRNA	A0A481QX02|unreviewed|Formyl
A0A5E7BIP4|unreviewed|Methionyl-tRNA	A0A5C4L2Y4|unreviewed|Formyl
A0A5E7BIP4|unreviewed|Methionyl-tRNA	A0A5E6RB73|unreviewed|Methionyl-tRNA
A0A5E7BIP4|unreviewed|Methionyl-tRNA	A0A5E6UH67|unreviewed|Methionyl-tRNA
A0A5E7BIP4|unreviewed|Methionyl-tRNA	A0A5E7MK35|unreviewed|Methionyl-tRNA
A0A5E7BIP4|unreviewed|Methionyl-tRNA	A0A5E7TKE5|unreviewed|Methionyl-tRNA
A0A5E7BIP4|unreviewed|Methionyl-tRNA	A0A7H8GM01|unreviewed|Formyl
A0A5E7BIP4|unreviewed|Methionyl-tRNA	A0A7U9CNH5|unreviewed|HoxX|taxID:743713
A0A5E7BIP4|unreviewed|Methionyl-tRNA	A0A7Z2KUR6|unreviewed|Formyl
A0A5E7BIP4|unreviewed|Methionyl-tRNA	A0A7Z2M7W6|unreviewed|Formyl
A0A5E7BIP4|unreviewed|Methionyl-tRNA	A0A854X827|unreviewed|Methionyl-tRNA
A0A5E7BIP4|unreviewed|Methionyl-tRNA	A0AAC9FWU4|unreviewed|Formyl
A0A5E7BIP4|unreviewed|Methionyl-tRNA	A0AAP9CJ36|unreviewed|Formyl
A0A5E7BIP4|unreviewed|Methionyl-tRNA	J2QSN2|unreviewed|Methionyl-tRNA
A0A5E7BIP4|unreviewed|Methionyl-tRNA	A0A2A2PT64|unreviewed|Formyl
A0A5E7BIP4|unreviewed|Methionyl-tRNA	A0A031G7A7|unreviewed|Enoyl-CoA
A0A5E7BIP4|unreviewed|Methionyl-tRNA	A0A2K4IQU8|unreviewed|Formyl
A0A5E7BIP4|unreviewed|Methionyl-tRNA	A0A2N7REJ5|unreviewed|4-chlorobenzoyl
A0A5E7BIP4|unreviewed|Methionyl-tRNA	A0A423LLJ3|unreviewed|Formyl
A0A5E7BIP4|unreviewed|Methionyl-tRNA	A0AA94ET95|unreviewed|Formyl
A0A5E7BIP4|unreviewed|Methionyl-tRNA	A0A2N8DTR1|unreviewed|Formyl
A0A5E7BIP4|unreviewed|Methionyl-tRNA	A0A345RRF7|unreviewed|Formyl
A0A5E7BIP4|unreviewed|Methionyl-tRNA	A0A399PUL8|unreviewed|Formyl
A0A5E7BIP4|unreviewed|Methionyl-tRNA	A0A3T0JVI1|unreviewed|Formyl
A0A5E7BIP4|unreviewed|Methionyl-tRNA	A0A4Y8VKK8|unreviewed|Formyl
A0A5E7BIP4|unreviewed|Methionyl-tRNA	A0A7Z3C5M4|unreviewed|Methionyl-tRNA
A0A5E7BIP4|unreviewed|Methionyl-tRNA	A0A855LLQ2|unreviewed|Formyl
A0A5E7BIP4|unreviewed|Methionyl-tRNA	A0A9X2XDY2|unreviewed|Formyl
A0A5E7BIP4|unreviewed|Methionyl-tRNA	A0AAE2DKA0|unreviewed|Formyl
A0A5E7BIP4|unreviewed|Methionyl-tRNA	J3F129|unreviewed|Methionyl-tRNA
A0A5E7BIP4|unreviewed|Methionyl-tRNA	Q3KBI9|unreviewed|Putative
A0A5J4L6X4|unreviewed|Hydrogenase	A0A5J4L6X4|unreviewed|Hydrogenase
A0A5J5IH62|unreviewed|Hydrogenase	A0A5J5IH62|unreviewed|Hydrogenase
A0A5J6J990|unreviewed|Formyl	A0A5J6J990|unreviewed|Formyl
A0A5J6J990|unreviewed|Formyl	A0A3N1VAA8|unreviewed|Formyl
A0A5N8W8C2|unreviewed|Hydrogenase	A0A5N8W8C2|unreviewed|Hydrogenase
A0A5N8XP06|unreviewed|Hydrogenase	A0A5N8XP06|unreviewed|Hydrogenase
A0A5P2DB17|unreviewed|Hydrogenase	A0A5P2DB17|unreviewed|Hydrogenase
A0A5P2DTB3|unreviewed|Hydrogenase	A0A5P2DTB3|unreviewed|Hydrogenase
A0A5P8JVX1|unreviewed|Hydrogenase	A0A5P8JVX1|unreviewed|Hydrogenase
A0A5P8NZV6|unreviewed|Hydrogenase|taxID:2590022	A0A5P8NZV6|unreviewed|Hydrogenase|taxID:2590022
A0A5P9CS44|unreviewed|Formyl	A0A5P9CS44|unreviewed|Formyl
A0A010ZKA9|unreviewed|Formyl	A0A010ZKA9|unreviewed|Formyl
A0A011NVJ8|unreviewed|Methionyl-tRNA	A0A011NVJ8|unreviewed|Methionyl-tRNA
A0A011PKF3|unreviewed|Methionyl-tRNA	A0A011PKF3|unreviewed|Methionyl-tRNA
A0A011PS85|unreviewed|Methionyl-tRNA	A0A011PS85|unreviewed|Methionyl-tRNA
A0A024E484|unreviewed|Formyl	A0A024E484|unreviewed|Formyl
A0A024E484|unreviewed|Formyl	A0A5E7IXA5|unreviewed|Formyl
A0A024E484|unreviewed|Formyl	A0A855KBJ4|unreviewed|Formyl
A0A024E484|unreviewed|Formyl	A0AB36CYZ8|unreviewed|Formyl
A0A024E484|unreviewed|Formyl	A0A4Q9G2W3|unreviewed|Formyl
A0A066UD64|unreviewed|Formyl	A0A066UD64|unreviewed|Formyl
A0A080MGH7|unreviewed|Methionyl-tRNA	A0A080MGH7|unreviewed|Methionyl-tRNA
A0A080MGH7|unreviewed|Methionyl-tRNA	A0A5S4ET36|unreviewed|Methionyl-tRNA
A0A080MGH7|unreviewed|Methionyl-tRNA	A0A7D5NDV3|unreviewed|Hydrogenase
A0A090ADK3|unreviewed|Formyl	A0A090ADK3|unreviewed|Formyl
A0A0B5EX42|unreviewed|Hydrogenase	A0A0B5EX42|unreviewed|Hydrogenase
A0A0C2BM28|unreviewed|Formyl	A0A0C2BM28|unreviewed|Formyl
A0A0C2UFJ3|unreviewed|Methionyl-tRNA	A0A0C2UFJ3|unreviewed|Methionyl-tRNA
A0A0C5VF32|unreviewed|Formyl	A0A0C5VF32|unreviewed|Formyl
A0A0D0PNV5|unreviewed|Formyl	A0A0D0PNV5|unreviewed|Formyl
A0A0D0PNV5|unreviewed|Formyl	A0A0G3GKT0|unreviewed|Formyl
A0A0D0PNV5|unreviewed|Formyl	A0A423FX60|unreviewed|Formyl
A0A0D0RMD5|unreviewed|Formyl	A0A0D0RMD5|unreviewed|Formyl
A0A0D0RMD5|unreviewed|Formyl	A0A0Q8BY29|unreviewed|Formyl
A0A0D0RMD5|unreviewed|Formyl	A0A0R2YI87|unreviewed|Formyl
A0A0D0RMD5|unreviewed|Formyl	A0A3G7U7M7|unreviewed|Formyl
A0A0D0RMD5|unreviewed|Formyl	A0AAU8TSW2|unreviewed|Formyl
A0A0D0RMD5|unreviewed|Formyl	A0AAX3I801|unreviewed|Formyl
A0A0D3L9V0|unreviewed|Formyl	A0A0D3L9V0|unreviewed|Formyl
A0A0F0HSN6|unreviewed|Formyl	A0A0F0HSN6|unreviewed|Formyl
A0A0F0HV39|unreviewed|Hydrogenase	A0A0F0HV39|unreviewed|Hydrogenase
A0A0F2TP20|unreviewed|Hydrogenase	A0A0F2TP20|unreviewed|Hydrogenase
A0A0F2TP20|unreviewed|Hydrogenase	A0A1E7NAG0|unreviewed|Formyl
A0A0F2TP20|unreviewed|Hydrogenase	A0A939L017|unreviewed|Hydrogenase
A0A0F2TP20|unreviewed|Hydrogenase	A0AB39TK52|unreviewed|Hydrogenase
A0A0F7JUS0|unreviewed|Hydrogenase	A0A0F7JUS0|unreviewed|Hydrogenase
A0A0F7KFV4|unreviewed|Hydrogenase	A0A0F7KFV4|unreviewed|Hydrogenase
A0A0F7KFV4|unreviewed|Hydrogenase	A0A1H2XLI6|unreviewed|Putative
A0A0F7KFV4|unreviewed|Hydrogenase	A0A1I3HWY1|unreviewed|Putative
A0A0F7KFV4|unreviewed|Hydrogenase	A0A1I4J677|unreviewed|Putative
A0A0H4CI14|unreviewed|Formyl	A0A0H4CI14|unreviewed|Formyl
A0A0H4CI14|unreviewed|Formyl	A0A0N0TD23|unreviewed|Formyl
A0A0H4CI14|unreviewed|Formyl	A0A255PVH0|unreviewed|Formyl
A0A0J6HKX2|unreviewed|Formyl	A0A0J6HKX2|unreviewed|Formyl
A0A0J6HKX2|unreviewed|Formyl	A0A0L1MIL7|unreviewed|Formyl
A0A0J6HKX2|unreviewed|Formyl	A0A2A2DZJ6|unreviewed|Formyl
A0A0J6HKX2|unreviewed|Formyl	A0A2S8HPA1|unreviewed|Formyl
A0A0J6HKX2|unreviewed|Formyl	A0A2W7JJ91|unreviewed|Putative
A0A0J6HKX2|unreviewed|Formyl	A0A423IE73|unreviewed|Formyl
A0A0J6HKX2|unreviewed|Formyl	A0A423JDU3|unreviewed|Formyl
A0A0J6HKX2|unreviewed|Formyl	A0A7W5N4W0|unreviewed|Formyl
A0A0J6HKX2|unreviewed|Formyl	A0A9X0XA33|unreviewed|Formyl
A0A0J6HKX2|unreviewed|Formyl	A0AB33EHN7|unreviewed|Formyl
A0A0J6HKX2|unreviewed|Formyl	J2MDZ0|unreviewed|Methionyl-tRNA
A0A0J6HKX2|unreviewed|Formyl	J2SR93|unreviewed|Methionyl-tRNA
A0A0J6HKX2|unreviewed|Formyl	J3ECR0|unreviewed|Methionyl-tRNA
A0A0M9YLJ7|unreviewed|Formyl	A0A0M9YLJ7|unreviewed|Formyl
A0A0M9Z525|unreviewed|Hydrogenase	A0A0M9Z525|unreviewed|Hydrogenase
A0A0M9Z525|unreviewed|Hydrogenase	A0A7G6XUI6|unreviewed|Hydrogenase
A0A0M9ZR36|unreviewed|Hydrogenase	A0A0M9ZR36|unreviewed|Hydrogenase
A0A0N0AAC6|unreviewed|Hydrogenase	A0A0N0AAC6|unreviewed|Hydrogenase
A0A0N0AAC6|unreviewed|Hydrogenase	A0A2S6WI32|unreviewed|Hydrogenase
A0A0N0SJE5|unreviewed|Hydrogenase	A0A0N0SJE5|unreviewed|Hydrogenase
A0A0N0SJE5|unreviewed|Hydrogenase	A0AAU1FVL8|unreviewed|Hydrogenase
A0A0N0SJE5|unreviewed|Hydrogenase	A0AAU1VA80|unreviewed|Hydrogenase
A0A0N0SJE5|unreviewed|Hydrogenase	A0AAU2E0E8|unreviewed|Hydrogenase
A0A0N0SJE5|unreviewed|Hydrogenase	A0AAU2Y8H4|unreviewed|Hydrogenase
A0A0N0SJE5|unreviewed|Hydrogenase	A0AAU3WEV4|unreviewed|Hydrogenase
A0A0N0SJE5|unreviewed|Hydrogenase	A0AB39SPM4|unreviewed|Hydrogenase
A0A0N1G3C9|unreviewed|Enoyl-CoA	A0A0N1G3C9|unreviewed|Enoyl-CoA
A0A0N1G3C9|unreviewed|Enoyl-CoA	A0A1I2HKD0|unreviewed|Putative
A0A0N1G3C9|unreviewed|Enoyl-CoA	A0A2A3J0I0|unreviewed|Putative
A0A0N1G3C9|unreviewed|Enoyl-CoA	A0A6H1NHB0|unreviewed|Hydrogenase
A0A0N1G3C9|unreviewed|Enoyl-CoA	A0AAJ5CHN8|unreviewed|Two-component
A0A0N1G3C9|unreviewed|Enoyl-CoA	A0AAU4XIX6|unreviewed|Hydrogenase
A0A0N1HEQ8|unreviewed|Formyl	A0A0N1HEQ8|unreviewed|Formyl
A0A0N1HEQ8|unreviewed|Formyl	A0A542I0E7|unreviewed|Formyl
A0A0N1HEQ8|unreviewed|Formyl	A0AAU2BYH6|unreviewed|Formyl
A0A0N1HEQ8|unreviewed|Formyl	A0AAU2SQX9|unreviewed|Formyl
A0A0N1HEQ8|unreviewed|Formyl	A0AAU2U0Y5|unreviewed|Hydrogenase
A0A0N1JVY1|unreviewed|Hydrogenase	A0A0N1JVY1|unreviewed|Hydrogenase
A0A0N9WPG9|unreviewed|Formyl	A0A0N9WPG9|unreviewed|Formyl
A0A0N9WPG9|unreviewed|Formyl	A0A0Q7ALV6|unreviewed|Formyl
A0A0N9WPG9|unreviewed|Formyl	A0A165Z648|unreviewed|Formyl
A0A0N9WPG9|unreviewed|Formyl	A0A1G5W1A2|unreviewed|Methionyl-tRNA
A0A0N9WPG9|unreviewed|Formyl	A0A1I5HJ38|unreviewed|Formyl
A0A0N9WPG9|unreviewed|Formyl	A0A1K1SXT7|unreviewed|Methionyl-tRNA
A0A0N9WPG9|unreviewed|Formyl	A0A2K4FPB3|unreviewed|Formyl
A0A0N9WPG9|unreviewed|Formyl	A0A2Z4ZS43|unreviewed|Formyl
A0A0N9WPG9|unreviewed|Formyl	A0A4P7PEX7|unreviewed|Formyl
A0A0N9WPG9|unreviewed|Formyl	A0A6N1CJT9|unreviewed|Formyl
A0A0N9WPG9|unreviewed|Formyl	A0A923FDT0|unreviewed|Formyl
A0A0N9WPG9|unreviewed|Formyl	A0AAD1GNX5|unreviewed|Formyl
A0A0N9WPG9|unreviewed|Formyl	A0AAJ3KV71|unreviewed|Formyl
A0A0N9WPG9|unreviewed|Formyl	F2K9U9|unreviewed|Putative
A0A0Q6A261|unreviewed|Hydrogenase	A0A0Q6A261|unreviewed|Hydrogenase
A0A0Q6YHC7|unreviewed|Formyl	A0A0Q6YHC7|unreviewed|Formyl
A0A0Q6YHC7|unreviewed|Formyl	A0A0L8L0I6|unreviewed|Hydrogenase
A0A0Q6YHC7|unreviewed|Formyl	A0A101S4I5|unreviewed|Hydrogenase
A0A0Q6YHC7|unreviewed|Formyl	A0A285BN63|unreviewed|Putative
A0A0Q6YHC7|unreviewed|Formyl	A0A426UNX6|unreviewed|Hydrogenase
A0A0Q6YHC7|unreviewed|Formyl	A0A7K2PH74|unreviewed|Hydrogenase
A0A0Q6YHC7|unreviewed|Formyl	A0AAT9S6U0|unreviewed|Hydrogenase
A0A0Q6YHC7|unreviewed|Formyl	A0AAU2D6E5|unreviewed|Hydrogenase
A0A0Q6YHC7|unreviewed|Formyl	A0AAU3IYI6|unreviewed|Hydrogenase
A0A0Q6YHC7|unreviewed|Formyl	A0AAU3U693|unreviewed|Hydrogenase
A0A0Q6YHC7|unreviewed|Formyl	A0AAW8F9I7|unreviewed|Hydrogenase
A0A0Q6YHC7|unreviewed|Formyl	B5I1V7|unreviewed|Hydrogenase
A0A0Q7DST4|unreviewed|Formyl	A0A0Q7DST4|unreviewed|Formyl
A0A0Q7HTB2|unreviewed|Hydrogenase	A0A0Q7HTB2|unreviewed|Hydrogenase
A0A0Q7HTB2|unreviewed|Hydrogenase	J3CEN2|unreviewed|Formyl
A0A0Q7LCW0|unreviewed|Hydrogenase	A0A0Q7LCW0|unreviewed|Hydrogenase
A0A0Q7LCW0|unreviewed|Hydrogenase	A0A250DGF5|unreviewed|Hydrogenase
A0A0Q7LCW0|unreviewed|Hydrogenase	A0A2G6WYG9|unreviewed|Formyl
A0A0Q7LCW0|unreviewed|Hydrogenase	A0A2N4SQL9|unreviewed|Hydrogenase
A0A0Q7LCW0|unreviewed|Hydrogenase	A0A554S5N9|unreviewed|Hydrogenase
A0A0Q7LCW0|unreviewed|Hydrogenase	A0A5Q0MCS8|unreviewed|Formyl
A0A0Q7LCW0|unreviewed|Hydrogenase	A0A7L8SBP5|unreviewed|Formyl
A0A0Q7LCW0|unreviewed|Hydrogenase	A0AAW8DXA7|unreviewed|Hydrogenase
A0A0Q8DE60|unreviewed|Hydrogenase	A0A0Q8DE60|unreviewed|Hydrogenase
A0A0Q8DE60|unreviewed|Hydrogenase	A0A1I4E3U5|unreviewed|Putative
A0A0Q9A0T0|unreviewed|Hydrogenase	A0A0Q9A0T0|unreviewed|Hydrogenase
A0A0Q9A0T0|unreviewed|Hydrogenase	A0A2R4JR41|unreviewed|Hydrogenase
A0A0Q9A0T0|unreviewed|Hydrogenase	A0AAU4C050|unreviewed|Hydrogenase
A0A0Q9F196|unreviewed|Hydrogenase	A0A0Q9F196|unreviewed|Hydrogenase
A0A0S2DIZ9|unreviewed|Formyl	A0A0S2DIZ9|unreviewed|Formyl
A0A0S2DIZ9|unreviewed|Formyl	A0A1H3ILT6|unreviewed|Putative
A0A0S2DIZ9|unreviewed|Formyl	A0AAU9AGF9|unreviewed|Hydrogenase
A0A0S2F9H8|unreviewed|Enoyl-CoA	A0A0S2F9H8|unreviewed|Enoyl-CoA
A0A0S4N227|unreviewed|Methionyl-tRNA	A0A0S4N227|unreviewed|Methionyl-tRNA
A0A0S6UPW7|unreviewed|Probable	A0A0S6UPW7|unreviewed|Probable
A0A0S7Z5N7|unreviewed|Hydrogenase	A0A0S7Z5N7|unreviewed|Hydrogenase
A0A0T1SVV8|unreviewed|Hydrogenase	A0A0T1SVV8|unreviewed|Hydrogenase
A0A0V7Z481|unreviewed|Formyl	A0A0V7Z481|unreviewed|Formyl
A0A0X3S937|unreviewed|Hydrogenase	A0A0X3S937|unreviewed|Hydrogenase
A0A0X3UVS3|unreviewed|Formyl	A0A0X3UVS3|unreviewed|Formyl
A0A0X3V1P0|unreviewed|Hydrogenase	A0A0X3V1P0|unreviewed|Hydrogenase
A0A101SPF2|unreviewed|Formyl	A0A101SPF2|unreviewed|Formyl
A0A101SW65|unreviewed|Formyl	A0A101SW65|unreviewed|Formyl
A0A101SW65|unreviewed|Formyl	A0A101UBW7|unreviewed|Hydrogenase
A0A108U6S0|unreviewed|Methionyl-tRNA	A0A108U6S0|unreviewed|Methionyl-tRNA
A0A109FQU5|unreviewed|Formyl	A0A109FQU5|unreviewed|Formyl
A0A109FQU5|unreviewed|Formyl	A0A1H5NVM0|unreviewed|Formyl
A0A109FQU5|unreviewed|Formyl	A0A2L1J6A8|unreviewed|Formyl
A0A109FQU5|unreviewed|Formyl	A0A423ES04|unreviewed|Formyl
A0A109FQU5|unreviewed|Formyl	A0A5F0JKZ9|unreviewed|Formyl
A0A117PZW4|unreviewed|Formyl	A0A117PZW4|unreviewed|Formyl
A0A117RRF3|unreviewed|Hydrogenase	A0A117RRF3|unreviewed|Hydrogenase
A0A120G0J0|unreviewed|4-chlorobenzoyl	A0A120G0J0|unreviewed|4-chlorobenzoyl
A0A120G0J0|unreviewed|4-chlorobenzoyl	A0A0W0N3P7|unreviewed|Formyl
A0A120G0J0|unreviewed|4-chlorobenzoyl	A0A120G6S9|unreviewed|Methionyl-tRNA
A0A120G0J0|unreviewed|4-chlorobenzoyl	A0A2T0I643|unreviewed|Formyl
A0A120G0J0|unreviewed|4-chlorobenzoyl	A0A3E1HLS6|unreviewed|Formyl
A0A120G0J0|unreviewed|4-chlorobenzoyl	A0A3M5W167|unreviewed|Formyl
A0A120G0J0|unreviewed|4-chlorobenzoyl	A0A4Q0HMN1|unreviewed|Formyl
A0A120G0J0|unreviewed|4-chlorobenzoyl	A0A7Y0WJ99|unreviewed|Formyl
A0A120G0J0|unreviewed|4-chlorobenzoyl	A0A7Y1M9M3|unreviewed|Formyl
A0A120G0J0|unreviewed|4-chlorobenzoyl	A0A7Y1Q2A2|unreviewed|Formyl
A0A120G0J0|unreviewed|4-chlorobenzoyl	A0A921NL68|unreviewed|Formyl
A0A120G0J0|unreviewed|4-chlorobenzoyl	A0AAJ3JPU8|unreviewed|Formyl
A0A120G0J0|unreviewed|4-chlorobenzoyl	A0AAJ6HK79|unreviewed|Formyl
A0A120G0J0|unreviewed|4-chlorobenzoyl	A0AAU0SQI2|unreviewed|Formyl
A0A120G0J0|unreviewed|4-chlorobenzoyl	I4K6P2|unreviewed|Formyl
A0A962YKX9|unreviewed|Hydrogenase	A0A962YKX9|unreviewed|Hydrogenase
A0A962YKX9|unreviewed|Hydrogenase	A0A962Y1U0|unreviewed|Hydrogenase
A0A963B2W9|unreviewed|Hydrogenase	A0A963B2W9|unreviewed|Hydrogenase
A0A963BWG6|unreviewed|Hydrogenase	A0A963BWG6|unreviewed|Hydrogenase
A0A963C633|unreviewed|Hydrogenase	A0A963C633|unreviewed|Hydrogenase
A0A963D0F0|unreviewed|Hydrogenase	A0A963D0F0|unreviewed|Hydrogenase
A0A963DE23|unreviewed|Hydrogenase	A0A963DE23|unreviewed|Hydrogenase
A0A963DSM6|unreviewed|Hydrogenase	A0A963DSM6|unreviewed|Hydrogenase
A0A963DYL8|unreviewed|Hydrogenase	A0A963DYL8|unreviewed|Hydrogenase
A0A963G8X8|unreviewed|Hydrogenase	A0A963G8X8|unreviewed|Hydrogenase
A0A963G8X8|unreviewed|Hydrogenase	A0A963BJK9|unreviewed|Hydrogenase
A0A963H5W3|unreviewed|Hydrogenase	A0A963H5W3|unreviewed|Hydrogenase
A0A963H5W3|unreviewed|Hydrogenase	A0A6N6L4T5|unreviewed|Hydrogenase
A0A963H5W3|unreviewed|Hydrogenase	A0A963II10|unreviewed|Hydrogenase
A0A963HBP4|unreviewed|Hydrogenase	A0A963HBP4|unreviewed|Hydrogenase
A0A963JRS9|unreviewed|Hydrogenase	A0A963JRS9|unreviewed|Hydrogenase
A0A963MY33|unreviewed|Hydrogenase	A0A963MY33|unreviewed|Hydrogenase
A0A963NT43|unreviewed|Hydrogenase	A0A963NT43|unreviewed|Hydrogenase
A0A963RRR0|unreviewed|Hydrogenase	A0A963RRR0|unreviewed|Hydrogenase
A0A968YHS6|unreviewed|Formyl	A0A968YHS6|unreviewed|Formyl
A0A972J7C2|unreviewed|Formyl	A0A972J7C2|unreviewed|Formyl
A0A972S168|unreviewed|Formyl	A0A972S168|unreviewed|Formyl
A0A973CZV7|unreviewed|Hydrogenase	A0A973CZV7|unreviewed|Hydrogenase
A0A973MNM7|unreviewed|Formyl	A0A973MNM7|unreviewed|Formyl
A0A973MNM7|unreviewed|Formyl	A0A3N5A3E8|unreviewed|Putative
A0A973SEY0|unreviewed|Formyl	A0A973SEY0|unreviewed|Formyl
A0A973SEY0|unreviewed|Formyl	A0A429B1S4|unreviewed|Formyl
A0A973ZCJ1|unreviewed|Hydrogenase	A0A973ZCJ1|unreviewed|Hydrogenase
A0A974SQR6|unreviewed|Hydrogenase	A0A974SQR6|unreviewed|Hydrogenase
A0A974STD5|unreviewed|Hydrogenase	A0A974STD5|unreviewed|Hydrogenase
A0A974ZQ31|unreviewed|Hydrogenase	A0A974ZQ31|unreviewed|Hydrogenase
A0A975RQW5|unreviewed|Hydrogenase	A0A975RQW5|unreviewed|Hydrogenase
A0A975RQW5|unreviewed|Hydrogenase	A0A975NGF7|unreviewed|Formyl
A0A975RQW5|unreviewed|Hydrogenase	A0A975P1A4|unreviewed|Formyl
A0A9D6IJE6|unreviewed|Hydrogenase	A0A9D6IJE6|unreviewed|Hydrogenase
A0A9D6MQQ5|unreviewed|Hydrogenase	A0A9D6MQQ5|unreviewed|Hydrogenase
A0A9D6ZXP1|unreviewed|Hydrogenase	A0A9D6ZXP1|unreviewed|Hydrogenase
A0A9D7DW57|unreviewed|Hydrogenase	A0A9D7DW57|unreviewed|Hydrogenase
A0A9D7FI86|unreviewed|Hydrogenase	A0A9D7FI86|unreviewed|Hydrogenase
A0A9D7FI86|unreviewed|Hydrogenase	A0A936XI37|unreviewed|Hydrogenase
A0A9D7FWY6|unreviewed|Hydrogenase	A0A9D7FWY6|unreviewed|Hydrogenase
A0A9D7LLM2|unreviewed|Formyl	A0A9D7LLM2|unreviewed|Formyl
A0A9D7PQL4|unreviewed|Hydrogenase	A0A9D7PQL4|unreviewed|Hydrogenase
A0A9D7XKE0|unreviewed|Hydrogenase	A0A9D7XKE0|unreviewed|Hydrogenase
A0A9D8W534|unreviewed|Hydrogenase	A0A9D8W534|unreviewed|Hydrogenase
A0A9D9MWY2|unreviewed|Hydrogenase	A0A9D9MWY2|unreviewed|Hydrogenase
A0A9D9QFI6|unreviewed|Hydrogenase	A0A9D9QFI6|unreviewed|Hydrogenase
A0A9D9QFI6|unreviewed|Hydrogenase	A0A941T199|unreviewed|Hydrogenase
A0A9D9WT45|unreviewed|Hydrogenase	A0A9D9WT45|unreviewed|Hydrogenase
A0A9E0LCA7|unreviewed|Hydrogenase	A0A9E0LCA7|unreviewed|Hydrogenase
A0A9E0U8F6|unreviewed|Hydrogenase	A0A9E0U8F6|unreviewed|Hydrogenase
A0A9E0YTB6|unreviewed|Formyl	A0A9E0YTB6|unreviewed|Formyl
A0A9E1WNR0|unreviewed|Hydrogenase	A0A9E1WNR0|unreviewed|Hydrogenase
A0A9E2FCY7|unreviewed|Hydrogenase	A0A9E2FCY7|unreviewed|Hydrogenase
A0A9E3SQN1|unreviewed|Hydrogenase	A0A9E3SQN1|unreviewed|Hydrogenase
A0A9E4NP80|unreviewed|Formyl	A0A9E4NP80|unreviewed|Formyl
A0A9E4NP80|unreviewed|Formyl	A0A2T6NKC2|unreviewed|Formyl
A0A9E4NP80|unreviewed|Formyl	A0A7Z0VQ28|unreviewed|Formyl
A0A9E5QJ03|unreviewed|Hydrogenase	A0A9E5QJ03|unreviewed|Hydrogenase
A0A9E6TGX0|unreviewed|Formyl	A0A9E6TGX0|unreviewed|Formyl
A0A9P6TNP1|unreviewed|Formyl	A0A9P6TNP1|unreviewed|Formyl
A0A9Q3Z7H1|unreviewed|Two-component	A0A9Q3Z7H1|unreviewed|Two-component
A0A9R0NXK4|unreviewed|Formyl	A0A9R0NXK4|unreviewed|Formyl
A0A9R0NXK4|unreviewed|Formyl	A0A0H3D4X1|unreviewed|Formyl
A0A9W6GS08|unreviewed|Hydrogenase	A0A9W6GS08|unreviewed|Hydrogenase
A0A9W6GXU1|unreviewed|Hydrogenase	A0A9W6GXU1|unreviewed|Hydrogenase
A0A9W6L6L5|unreviewed|Formyl	A0A9W6L6L5|unreviewed|Formyl
A0A9X1Q1Q7|unreviewed|Formyl	A0A9X1Q1Q7|unreviewed|Formyl
A0A9X2E7V0|unreviewed|Two-component	A0A9X2E7V0|unreviewed|Two-component
A0A9X2K2E2|unreviewed|Formyl	A0A9X2K2E2|unreviewed|Formyl
A0A9X2K2E2|unreviewed|Formyl	A0A7X0NWH9|unreviewed|Formyl
A0A9X4P1K9|unreviewed|Formyl	A0A9X4P1K9|unreviewed|Formyl
A0A9X8D1J4|unreviewed|Hydrogenase	A0A9X8D1J4|unreviewed|Hydrogenase
A0A9X8QYP8|unreviewed|Two-component	A0A9X8QYP8|unreviewed|Two-component
A0A9X8QYP8|unreviewed|Two-component	A0A0A8EVI6|unreviewed|Formyl
A0A9X8QYP8|unreviewed|Two-component	A0A2N8PJ26|unreviewed|Hydrogenase
A0AA48RF36|unreviewed|Hydrogenase	A0AA48RF36|unreviewed|Hydrogenase
A0AA96EHF2|unreviewed|Two-component	A0AA96EHF2|unreviewed|Two-component
A0AA96G5N8|unreviewed|Hydrogenase	A0AA96G5N8|unreviewed|Hydrogenase
A0AA96GAW5|unreviewed|Hydrogenase	A0AA96GAW5|unreviewed|Hydrogenase
A0AA96JFZ1|unreviewed|Formyl	A0AA96JFZ1|unreviewed|Formyl
A0AA96WAA5|unreviewed|Formyl	A0AA96WAA5|unreviewed|Formyl
A0AAE2AS84|unreviewed|Methionyl-tRNA	A0AAE2AS84|unreviewed|Methionyl-tRNA
A0AAE2AS84|unreviewed|Methionyl-tRNA	A0A2U1RE27|unreviewed|Formyl
A0AAE2AS84|unreviewed|Methionyl-tRNA	A0A423NQR8|unreviewed|Formyl
A0AAE3YVU8|unreviewed|Formyl	A0AAE3YVU8|unreviewed|Formyl
A0AAU3PJI8|unreviewed|Hydrogenase	A0AAU3PJI8|unreviewed|Hydrogenase
A0AAU3PJI8|unreviewed|Hydrogenase	A0AAU1TXH3|unreviewed|Hydrogenase
A0AAU3VKM4|unreviewed|Hydrogenase	A0AAU3VKM4|unreviewed|Hydrogenase
A0AAU3VKM4|unreviewed|Hydrogenase	A0A239LZP5|unreviewed|Hydrogenase
A0AAU3VKM4|unreviewed|Hydrogenase	A0A7K3B5S3|unreviewed|Hydrogenase
A0AAU3ZKX9|unreviewed|Hydrogenase	A0AAU3ZKX9|unreviewed|Hydrogenase
A0AAU3ZKX9|unreviewed|Hydrogenase	A0AAU3Z8D3|unreviewed|Hydrogenase
A0AAU4DME9|unreviewed|Hydrogenase	A0AAU4DME9|unreviewed|Hydrogenase
A0AAU4FIC7|unreviewed|Formyl	A0AAU4FIC7|unreviewed|Formyl
A0AAU4IQR8|unreviewed|Formyl	A0AAU4IQR8|unreviewed|Formyl
A0AAU4LM08|unreviewed|Hydrogenase	A0AAU4LM08|unreviewed|Hydrogenase
A0AAU4M833|unreviewed|Hydrogenase	A0AAU4M833|unreviewed|Hydrogenase
A0AAU4ME24|unreviewed|Formyl	A0AAU4ME24|unreviewed|Formyl
A0AAU4R2Y3|unreviewed|Hydrogenase	A0AAU4R2Y3|unreviewed|Hydrogenase
A0AAU4R2Y3|unreviewed|Hydrogenase	A0AAU1I791|unreviewed|Hydrogenase
A0AAU4R2Y3|unreviewed|Hydrogenase	A0AB39MSR7|unreviewed|Formyl
A0AAU4RMH7|unreviewed|Formyl	A0AAU4RMH7|unreviewed|Formyl
A0AAU4T660|unreviewed|Formyl	A0AAU4T660|unreviewed|Formyl
A0AAU4UXA4|unreviewed|Hydrogenase	A0AAU4UXA4|unreviewed|Hydrogenase
A0AAU4UXA4|unreviewed|Hydrogenase	A0AAU3RM14|unreviewed|Hydrogenase
A0AAU4XRR4|unreviewed|Formyl	A0AAU4XRR4|unreviewed|Formyl
A0AAU4YGG7|unreviewed|Formyl	A0AAU4YGG7|unreviewed|Formyl
A0AAU5CWF7|unreviewed|Hydrogenase	A0AAU5CWF7|unreviewed|Hydrogenase
A0AAU5DSY3|unreviewed|Formyl	A0AAU5DSY3|unreviewed|Formyl
A0AAU5FZA6|unreviewed|Hydrogenase	A0AAU5FZA6|unreviewed|Hydrogenase
A0AAU5FZA6|unreviewed|Hydrogenase	A0AAU1PCZ5|unreviewed|Hydrogenase
A0AAU5H708|unreviewed|Hydrogenase	A0AAU5H708|unreviewed|Hydrogenase
A0AAU5K795|unreviewed|Hydrogenase	A0AAU5K795|unreviewed|Hydrogenase
A0AAU5QR10|unreviewed|Hydrogenase	A0AAU5QR10|unreviewed|Hydrogenase
A0AAU5S167|unreviewed|Hydrogenase	A0AAU5S167|unreviewed|Hydrogenase
A0AAU5T3K7|unreviewed|Hydrogenase	A0AAU5T3K7|unreviewed|Hydrogenase
A0AAU5T3K7|unreviewed|Hydrogenase	A0A4S2SXW1|unreviewed|Hydrogenase
A0AAU5T3K7|unreviewed|Hydrogenase	A0AAU5SXI6|unreviewed|Hydrogenase
A0AAU5YYN5|unreviewed|Hydrogenase	A0AAU5YYN5|unreviewed|Hydrogenase
A0AAU6FE78|unreviewed|Hydrogenase	A0AAU6FE78|unreviewed|Hydrogenase
A0AAU6IHX8|unreviewed|Formyl	A0AAU6IHX8|unreviewed|Formyl
A0AAU6IHX8|unreviewed|Formyl	A0A6H1KSV2|unreviewed|Formyl
A0AAU6IHX8|unreviewed|Formyl	A0AAU6FYS1|unreviewed|Formyl
A0AAU6KTM3|unreviewed|Hydrogenase	A0AAU6KTM3|unreviewed|Hydrogenase
A0AAU6KTM3|unreviewed|Hydrogenase	A0A250V5N4|unreviewed|Hydrogenase
A0AAU6KTM3|unreviewed|Hydrogenase	A0AAU6ABM3|unreviewed|Hydrogenase
A0AAU6L5D4|unreviewed|Hydrogenase	A0AAU6L5D4|unreviewed|Hydrogenase
A0AAU6L5D4|unreviewed|Hydrogenase	A0A2V2BAC9|unreviewed|Putative
A0AAU8JQA4|unreviewed|Two-component	A0AAU8JQA4|unreviewed|Two-component
A0AAU8K0F0|unreviewed|Formyl	A0AAU8K0F0|unreviewed|Formyl
A0AAU8MRW1|unreviewed|Formyl	A0AAU8MRW1|unreviewed|Formyl
A0AAV3X4T3|unreviewed|Hydrogenase	A0AAV3X4T3|unreviewed|Hydrogenase
A0AAW4I3S0|unreviewed|Hydrogenase	A0AAW4I3S0|unreviewed|Hydrogenase
A0AAW8EH84|unreviewed|Hydrogenase	A0AAW8EH84|unreviewed|Hydrogenase
A0AAW8M944|unreviewed|Formyl	A0AAW8M944|unreviewed|Formyl
A0AAX2AKK1|unreviewed|Hydrogenase|taxID:1032238	A0AAX2AKK1|unreviewed|Hydrogenase|taxID:1032238
A0AB33JV80|unreviewed|Hydrogenase	A0AB33JV80|unreviewed|Hydrogenase
A0AB33JV80|unreviewed|Hydrogenase	A0A0Q8P8J1|unreviewed|Hydrogenase
A0AB33JV80|unreviewed|Hydrogenase	A0A7W7WHS3|unreviewed|Hydrogenase
A0AB33JV80|unreviewed|Hydrogenase	A0AAU2ECV0|unreviewed|Hydrogenase
A0AB36ZXZ9|unreviewed|Hydrogenase|taxID:505249	A0AB36ZXZ9|unreviewed|Hydrogenase|taxID:505249
A0AB36ZXZ9|unreviewed|Hydrogenase|taxID:505249	A0A347TJT0|unreviewed|[Ni-Fe]
A0AB38BBQ9|unreviewed|Two-component	A0AB38BBQ9|unreviewed|Two-component
A0AB38BBQ9|unreviewed|Two-component	A0A640SCE0|unreviewed|Hydrogenase
A0AB39Q9N4|unreviewed|Formyl	A0AB39Q9N4|unreviewed|Formyl
A0AB39Q9N4|unreviewed|Formyl	A0A101JCK6|unreviewed|Hydrogenase
A0AB39QIM9|unreviewed|Formyl	A0AB39QIM9|unreviewed|Formyl
A0AB39S073|unreviewed|Hydrogenase	A0AB39S073|unreviewed|Hydrogenase
A0AB39T9K0|unreviewed|Hydrogenase	A0AB39T9K0|unreviewed|Hydrogenase
A0AB39T9K0|unreviewed|Hydrogenase	A0A0B5I4S0|unreviewed|Hydrogenase
A0AB39T9K0|unreviewed|Hydrogenase	A0A0L8JFQ6|unreviewed|Hydrogenase
A0AB39T9K0|unreviewed|Hydrogenase	A0A1H5GPX6|unreviewed|Putative
A0AB39TW07|unreviewed|Hydrogenase	A0AB39TW07|unreviewed|Hydrogenase
A0AB39TW07|unreviewed|Hydrogenase	A0A0F2TGQ9|unreviewed|Hydrogenase
A0AB73K1R5|unreviewed|Formyl	A0AB73K1R5|unreviewed|Formyl
A0AB73KB03|unreviewed|Hydrogenase	A0AB73KB03|unreviewed|Hydrogenase
A0AB73KB03|unreviewed|Hydrogenase	A0A5R9M9Q2|unreviewed|Hydrogenase
A1VNN8|unreviewed|Formyl	A1VNN8|unreviewed|Formyl
A1VNN8|unreviewed|Formyl	A0AAU7LX24|unreviewed|Formyl
A4TYK6|unreviewed|Hydrogenase	A4TYK6|unreviewed|Hydrogenase
A4TYK6|unreviewed|Hydrogenase	V6F1U5|unreviewed|Hydrogenase
A8FYM9|unreviewed|Formyl	A8FYM9|unreviewed|Formyl
A8FYM9|unreviewed|Formyl	A0A3S0KRJ1|unreviewed|Formyl
A8FYM9|unreviewed|Formyl	A0A431WP03|unreviewed|Formyl
A8UWC8|unreviewed|Hydrogenase	A8UWC8|unreviewed|Hydrogenase
A8ZKU6|unreviewed|Formyl	A8ZKU6|unreviewed|Formyl
A9GK67|unreviewed|Methionyl-tRNA	A9GK67|unreviewed|Methionyl-tRNA
B1Y5K3|unreviewed|Formyl	B1Y5K3|unreviewed|Formyl
